glacier_type,temperature_category,precipitation_category,area_category,slope_category,AAR_n,AAR_mean,AAR_std,AAR_1σ,THAR_n,THAR_mean,THAR_std,THAR_1σ,AABR_n,AABR_mean,AABR_std,AABR_1σ
0,0,0,0,0,1218,0.552902213179332,0.07067078866689348,0.0005542542709458558,1302,0.5009964982880275,0.12940351257202515,0.0004659221657022289,1174,1.3000232985621325,0.3577925088372118,0.0032051021087111642
0,0,0,0,1,1192,0.5463426534418897,0.06006977178171853,0.0002891916307813825,1213,0.5427618335211832,0.1110199606656892,0.00030902209331813447,1186,1.280523529597086,0.30936124396858844,0.0018263344216917713
0,0,0,0,2,2867,0.5626799986369169,0.05441731035433309,0.00024775691399684627,2899,0.5566684621165806,0.09854873527319037,0.0002610855995421557,2826,1.3486102895668601,0.2938286082229121,0.0016160331922794838
0,0,0,1,0,2230,0.5468275403134889,0.059976979260588426,0.0003801583040991831,2228,0.5209291098573922,0.12475216856533522,0.00033491978486912985,2163,1.3110846108194931,0.31675189018234623,0.002133754434960573
0,0,0,1,1,1855,0.5568577183741573,0.05637819126309247,0.00045634920345938334,1891,0.5144319855246017,0.1089446265176608,0.00045437788950158486,1797,1.3791733043316137,0.3080392949749859,0.0028023095312686218
0,0,0,1,2,2296,0.5817693062729928,0.05207644900513479,0.0005411300222333443,2408,0.5153128127101678,0.09495002307065745,0.000501066228691713,2182,1.4772080146354258,0.2928261223685086,0.0035552001356528424
0,0,0,2,0,3228,0.5750910825546418,0.06071433051140313,0.00043957375590051505,3400,0.5249426691686251,0.1108407401325167,0.00036059721737435565,2633,1.5159064492045147,0.3340913662371545,0.003052699545697767
0,0,0,2,1,1633,0.5849543839145568,0.0575653219060219,0.0007478728234802807,1868,0.48320562525499067,0.09582505382254872,0.0006335673004163688,1372,1.5614087619306647,0.31805332588061563,0.005412208310688979
0,0,0,2,2,882,0.6078423344256039,0.05125455051391658,0.0012442607142439705,1055,0.464220051746015,0.08463064751103534,0.0010381474533710693,747,1.6413759691274414,0.2948048982218141,0.009375933287222232
0,0,1,0,0,79,0.5406189673248772,0.07049609994491852,0.0013430068056313655,82,0.4890980015457264,0.11565408213890113,0.0011456198270568486,80,1.263871833168043,0.378679006107256,0.007898930331320159
0,0,1,0,1,139,0.5343261968324257,0.05913042950596503,0.0006700441612740467,138,0.5200687414252001,0.1264195651541188,0.0006529592447450564,137,1.2036606813158137,0.2751710273159296,0.004794934244472421
0,0,1,0,2,809,0.5548775002511345,0.05901575992063636,0.00042674787281759007,826,0.5481155883757352,0.1153782682566372,0.00048666262148581795,797,1.3109509780809565,0.31127114782500054,0.0026505017230232736
0,0,1,1,0,138,0.5188546375506929,0.04995515461069756,0.0010953864648569735,138,0.4856160310268949,0.10733084630060215,0.001032877677794992,139,1.1657113972263122,0.2722687008621958,0.004759080391644396
0,0,1,1,1,165,0.5364239742372295,0.04927988692595408,0.0005222980614933672,163,0.4906197562450015,0.09842358215947042,0.0004050308496571483,163,1.2363858373866283,0.25033600995819005,0.0029721606215575838
0,0,1,1,2,515,0.5723838817782102,0.05579069449624115,0.0009492803440335874,545,0.4861131282270092,0.1041199441745441,0.0009434756677069123,490,1.4168947508648955,0.29592980973608335,0.006090938045241445
0,0,1,2,0,81,0.5702225300101789,0.05415327452160085,0.0021438203239245923,81,0.5101638866869939,0.10616225142499255,0.0016025234278166734,74,1.4721872464784655,0.3507401266267302,0.014146768686924879
0,0,1,2,1,119,0.5709075700474503,0.05561943804285335,0.0018784851971688412,125,0.4523560858122473,0.09003271685117749,0.0016522512982597077,111,1.415184581691574,0.3056699833137273,0.012893845023687912
0,0,1,2,2,169,0.5851794383261234,0.05552715409005594,0.0022619168335228377,213,0.4445204103380063,0.0929280976658737,0.002040326736148809,153,1.5271556358680727,0.3235689283555633,0.015260216155124285
0,0,2,0,0,2,0.5712393171643896,0.022865701439188424,0.0,2,0.5747471479555308,0.08230564286834945,0.0,2,1.3840294036545528,0.1085288768211256,0.0
0,0,2,0,1,4,0.5293765913493631,0.0876036745685908,0.0,4,0.5856979925734418,0.10964018991493811,0.0,4,1.2197530483672163,0.45565961279181555,0.0
0,0,2,0,2,22,0.5601786736707282,0.05243809184201122,0.0021442459258427804,22,0.5881048877869746,0.09531176604253684,0.002462930988683304,22,1.3657267531669621,0.2994982625432978,0.017909960169683107
0,0,2,1,0,1,0.6722532758785457,,0.0,1,0.5199897544752058,,0.0,1,2.176778830183852,,0.0
0,0,2,1,1,2,0.5176918157971102,0.048009876301640476,0.0,2,0.4697947815597163,0.05281528994629898,0.0,2,1.1480227977807198,0.26478774521066384,0.0
0,0,2,1,2,15,0.5802962596598961,0.03171799889924666,0.002656935114419438,20,0.5473543241402009,0.11847772486611653,0.004574644948715263,14,1.4676152281620332,0.12137778711545896,0.01665089486208463
0,0,2,2,0,1,0.5726163174454397,,0.0,1,0.475873227689719,,0.0,1,1.413770292983956,,0.0
0,0,2,2,1,1,0.4519668944258336,,0.0,1,0.4149322930941544,,0.0,1,0.8683585268129458,,0.0
0,0,2,2,2,6,0.6153772325990629,0.04870557465163611,0.012290950353396411,14,0.39041737615354727,0.06516980499124699,0.009768162682580428,4,1.5619728083555149,0.1288880569197729,0.0689536013284569
0,1,0,0,0,1577,0.5451905497626294,0.0665186877897788,0.00035570591857864863,1642,0.5148798616732015,0.1251546204832665,0.0003138915153703164,1534,1.2489231471847253,0.3315503122871573,0.0019523913248136856
0,1,0,0,1,2850,0.5391058855626932,0.057445791096798,8.757120309539428e-05,2855,0.5537622387250407,0.10472630376711219,9.368735444786502e-05,2841,1.2188942351815788,0.28794278316801586,0.0004979720219108996
0,1,0,0,2,5858,0.5474439724113656,0.05090533373118478,8.290515029281557e-05,5860,0.5656755223449935,0.09009927423241336,9.220712720572397e-05,5838,1.2622643075975726,0.2584457381425351,0.0005205331495758442
0,1,0,1,0,1990,0.5326654446117197,0.052409495699401974,0.00024546351493596547,2005,0.5146804419614972,0.11231082094066826,0.0002024179520920416,1981,1.2081814395802177,0.27041029252075305,0.0012392601183057546
0,1,0,1,1,3909,0.5322814081131548,0.04848101344259733,0.0001806572248048824,3932,0.5006476532386444,0.09387963726705623,0.00015814420155899628,3901,1.202930969914084,0.24617190157618518,0.0009791022956456034
0,1,0,1,2,4473,0.5558985537139542,0.050309928069449554,0.00024713701684718524,4526,0.5148677404964737,0.08807096993589829,0.00023307054997976184,4412,1.3268308820208718,0.26948153939238356,0.0015398664426514693
0,1,0,2,0,2696,0.5524912421428252,0.054125795802889405,0.00036916081979187576,2752,0.4930440486499347,0.10047238252236515,0.00026243512539481036,2544,1.3401635921567623,0.3070564470660548,0.002253099170346079
0,1,0,2,1,2271,0.5545747450115291,0.0542240864294057,0.00047681834131188593,2348,0.46733004712541726,0.0825659664119051,0.00038613618272950793,2179,1.338634475645263,0.29365289212666046,0.0029682430316522474
0,1,0,2,2,974,0.5789874570640227,0.054322980145669525,0.0008507734457851607,1038,0.4681486308965968,0.0794217106801283,0.0007323825202570707,890,1.4605267953457601,0.3042183521806799,0.005736238743496229
0,1,1,0,0,1289,0.5336727495694443,0.0654353424875836,0.0003739679365338661,1324,0.505207794796356,0.12036393676931165,0.0002778314660558121,1266,1.2005209949079296,0.3221334679167194,0.0017414340296042087
0,1,1,0,1,2364,0.5240225779837776,0.05479727336235503,0.00015480104211516916,2379,0.5263184878442368,0.1035045312498026,0.0001426306247669199,2366,1.1576328983116388,0.2707334210456386,0.0005957979099141167
0,1,1,0,2,4288,0.5367131951948516,0.056496950116147096,5.246672522090296e-05,4301,0.5463135192963722,0.10031906379685229,5.120815686216374e-05,4270,1.22819269573386,0.28139053535530917,0.0003360041603022583
0,1,1,1,0,2143,0.5228527541266899,0.04669658626134767,0.00018413801978867927,2149,0.4956072857111363,0.10145697608516693,0.00015249931828451672,2149,1.1658482414279292,0.23991504435979963,0.0008820980846818385
0,1,1,1,1,2880,0.5242044201849395,0.04720950580654775,0.00010904113627475327,2896,0.4927213023459484,0.09347435556471216,9.548764924287181e-05,2873,1.180123670797987,0.23858478822020224,0.0005488746948321997
0,1,1,1,2,3391,0.5476390615483616,0.05558057254139046,0.00019871569388315669,3460,0.5067195888792481,0.09479779013881523,0.0001929815457029725,3321,1.3122104539562705,0.29360374705827796,0.001202181728369711
0,1,1,2,0,1792,0.5360932200025464,0.047497305494732765,0.0002680243859414808,1805,0.4837232347117639,0.09622358260058168,0.000190477660424311,1726,1.28816406318001,0.2900237394991448,0.0015183197543609153
0,1,1,2,1,1244,0.5396456679809005,0.05546715807750518,0.00040340457066563644,1276,0.465605150877805,0.08600321643801488,0.00032401316095973177,1205,1.3101588147482104,0.3055140643323346,0.0024539516210363116
0,1,1,2,2,766,0.5655761869601325,0.05713876910134977,0.0006965513027621968,831,0.4606862690207364,0.08900859318670035,0.000663537624300053,722,1.4452686926314848,0.3053062093916153,0.004507429608189167
0,1,2,0,0,135,0.5161215624445482,0.055103794414897246,0.00026092450012608236,134,0.5038247224610803,0.12026955706789338,6.023101171763281e-05,134,1.1311186738673402,0.2673015154862038,0.000685198241672708
0,1,2,0,1,185,0.53201982213734,0.05605106006240659,0.0,185,0.5447160759972243,0.0957348861103245,0.0,183,1.2138953688316043,0.27256207029994367,0.0
0,1,2,0,2,394,0.5315771209016436,0.05262500102322749,0.0001901226596943982,392,0.5576903179958493,0.09482591039081083,0.00023032874966520686,391,1.2364029860961137,0.2659754594251705,0.001656019712566289
0,1,2,1,0,119,0.5143398073938321,0.05328578361887758,0.0005947383801618027,120,0.5013303908056664,0.10546707621111778,0.00044686235387212547,118,1.1201313998109212,0.23641428890277347,0.0023839230720125223
0,1,2,1,1,250,0.525332391906205,0.048688628131292044,0.00031201782467160226,249,0.5157890470335132,0.0960216589988745,0.0003528337778324562,248,1.2229898613540173,0.2636463199923139,0.0013261473789896632
0,1,2,1,2,331,0.5454700239983883,0.05196840252438088,0.0003833035871445444,339,0.5239696392235923,0.09440583172618586,0.00043490469761907737,324,1.3716934552983422,0.2971709874260497,0.0026360038998806943
0,1,2,2,0,123,0.5453440831426628,0.05356811828780723,0.0011500130329232504,123,0.523096589873149,0.09539697189214624,0.0007458015696478379,120,1.368606939226368,0.29479223318369197,0.005260854304675339
0,1,2,2,1,102,0.5390142578711102,0.05476537417062052,0.000792430898216366,104,0.4953412641301918,0.09841330815804557,0.0006951417765100079,96,1.383531483908997,0.31392207590983795,0.004908715177952928
0,1,2,2,2,58,0.5737650692879619,0.05487766175134835,0.002259382514386042,65,0.4779820869048867,0.10822529003146447,0.0023586049067267634,44,1.5716737416925846,0.32353539568841844,0.015241055645432385
0,2,0,0,0,575,0.5448238302231899,0.06293600233940468,0.00044675085331162746,613,0.5276997841302937,0.11995226421188564,0.0003914555673976808,570,1.2332482208565578,0.3165082813533178,0.0023946200143456363
0,2,0,0,1,1030,0.5337232396706497,0.05674534427108356,0.0002732920512856114,1040,0.5444368746699683,0.10402538389616255,0.00028434907201970464,1027,1.188379874974415,0.2764105169153099,0.0014205462483547425
0,2,0,0,2,1902,0.5444625429920995,0.053125754238209894,0.00018094639297430758,1908,0.5615067133595498,0.09291058055148482,0.00019467109784986785,1898,1.247600903938138,0.26821685580013527,0.0011063658723688035
0,2,0,1,0,562,0.5300046390087626,0.05373000378751647,0.0004158869198222435,564,0.5068209784830849,0.11087250241580328,0.00033882862013814234,564,1.1795089257959122,0.2733213756441069,0.002421835637043147
0,2,0,1,1,1138,0.5309727187961812,0.05011233059960702,0.0003235357089723331,1148,0.5008182576118809,0.09491646167167211,0.0002957356454960726,1140,1.1892390932914738,0.2507786332429142,0.0019640323276916842
0,2,0,1,2,1258,0.5534037490866469,0.04939947973465814,0.0004638264979552348,1286,0.5139511593820044,0.08822927024948804,0.0004451068356553772,1251,1.3093280009569679,0.26108733772644055,0.002894301459060158
0,2,0,2,0,575,0.5394660365765295,0.05747220823314591,0.0008145060123780618,602,0.4805257591031373,0.09586187962696514,0.0005850239718358572,562,1.2272696671314172,0.2941154887492231,0.004768516980248371
0,2,0,2,1,633,0.5453989611414262,0.0607337040880721,0.0008351244549416113,654,0.47150533792761895,0.0837127095598739,0.0006530978242576686,613,1.2887909226437373,0.3127883719947415,0.004980880538281759
0,2,0,2,2,278,0.5645526814027957,0.057335964298811944,0.0013690559890082265,298,0.4594439365928375,0.08561863052360925,0.0012326612885456723,269,1.3992952634120626,0.31911645622597234,0.00870790357140321
0,2,1,0,0,2396,0.5351744303220357,0.06612089457271715,0.00021560932717868577,2525,0.5026121598352468,0.11873824673927769,0.00016944259527890577,2389,1.201266784207046,0.32970474881809436,0.0011258814745953064
0,2,1,0,1,4132,0.5221710804229,0.055944136899968334,7.769319614112979e-05,4241,0.5191530387293433,0.1026816026777767,7.417156522492168e-05,4169,1.1400359314566872,0.2708731692357017,0.00034361770306765943
0,2,1,0,2,6226,0.5251794014082893,0.05803009225740637,2.5731771966354818e-05,6308,0.5392682060687153,0.10180614513043891,2.6023138700897523e-05,6265,1.1672552637652696,0.2825592042692482,0.00010860509654318139
0,2,1,1,0,2874,0.521548418001733,0.04680028752450807,0.00012001216462371459,2875,0.5032729664408193,0.10143463205114332,9.86788051379533e-05,2873,1.1436766219756629,0.22539621488637654,0.0005118817021791015
0,2,1,1,1,4864,0.5187899798917276,0.04629456842371902,6.8676542941071e-05,4893,0.49241930110667304,0.09048170435937208,5.2821189395727896e-05,4886,1.1511276762956961,0.2270997072003489,0.0002778577910246855
0,2,1,1,2,3822,0.5313860034480774,0.051644423108087256,0.00011964108472914127,3864,0.500687037582258,0.09124581854509943,0.00011550031222702114,3813,1.2402138789000854,0.2691655469762561,0.0007256220203515009
0,2,1,2,0,2470,0.5315809472062236,0.04991092847875313,0.00018552960461960347,2489,0.483527885796529,0.09748302500885647,0.00012221193629099919,2437,1.2475989197109147,0.27423982830000315,0.0009498617722241157
0,2,1,2,1,1748,0.5315810671947696,0.05291932419211858,0.00023782467833667752,1776,0.47603778829769167,0.09033578189331734,0.0001812846161226587,1719,1.266049655393717,0.28951895029737507,0.0012170570770523837
0,2,1,2,2,679,0.5490401524048024,0.059205160029298695,0.0005077109005944419,718,0.46958737890630975,0.08583380247666382,0.0004769894000494937,645,1.3643475670927416,0.32403708460436903,0.0032109935941272596
0,2,2,0,0,4179,0.5349712351390618,0.06759096667464674,0.00015365631566948852,4365,0.515399277406021,0.12590811529480764,0.0001298187326062442,4179,1.2071480446747926,0.33772117640801047,0.0007786397112227687
0,2,2,0,1,6578,0.5236683554382598,0.05882715516281522,2.4860267621491177e-05,6636,0.5368465541450906,0.10474792258673517,2.520197298464893e-05,6572,1.1678460490597877,0.2849524405884462,0.00011784314017737126
0,2,2,0,2,9066,0.5225251937978356,0.0571922490657198,2.2506934925897314e-05,9126,0.5463738981092158,0.09695174440421,2.5783835798343584e-05,9100,1.1726324034441808,0.2794821013925818,0.00010830090052641279
0,2,2,1,0,3906,0.5222038601172863,0.05023521109021108,9.669026457060979e-05,3895,0.5184889192578118,0.11221722886559655,7.361735791898275e-05,3923,1.170959535862664,0.25094487834407786,0.00043233898538135783
0,2,2,1,1,7189,0.5270229517287571,0.04517230485009902,3.464605526373517e-05,7198,0.5249020371915257,0.09694274936999048,3.0091017172337784e-05,7172,1.2209180613695867,0.23763241181868328,0.000141243225679707
0,2,2,1,2,6352,0.5347297381063956,0.047088053240740016,6.0713954523531626e-05,6373,0.5178258540549107,0.0901264484832637,5.9435808310988295e-05,6289,1.2804789152473204,0.2540634889396093,0.00036060622126164434
0,2,2,2,0,3834,0.5399848119553847,0.04963565011183464,9.867002301284382e-05,3842,0.5185724719220733,0.10608528250098648,6.161318594229933e-05,3732,1.3275366357919174,0.284249831595978,0.0005236946446425172
0,2,2,2,1,3809,0.5465460675295551,0.0448650485065147,9.685864446173048e-05,3826,0.5172258751623274,0.09009205528685914,7.151023430454114e-05,3696,1.396176158992722,0.2679962876791059,0.0005834852325611715
0,2,2,2,2,1930,0.5553430390721003,0.04749117852423771,0.0002514044832287938,1976,0.5037810342979242,0.08946608822647192,0.00021169409321941063,1833,1.4443725614461502,0.27591981910471997,0.0015580832161081787
1,0,0,0,0,136,0.5560108987569921,0.07093153913673136,0.001766086643915042,145,0.48007890062878894,0.12647610545420432,0.0015647511120868297,133,1.3277461990961714,0.3690661614186024,0.01067514920837581
1,0,0,0,1,46,0.5579587837438046,0.06977702546920132,0.003739153711268385,47,0.5256099944557718,0.1352693786775326,0.003667906324046788,46,1.3882090706194545,0.38643304187649785,0.015336401057603175
1,0,0,0,2,38,0.564617630604467,0.05945225797941645,0.0024316662585572913,40,0.5836077537505554,0.10571483633714274,0.004265773208423315,38,1.3498439401671565,0.3278601809683571,0.016722258031168346
1,0,0,1,0,694,0.5420002225664305,0.06519991124652624,0.0007058002645789702,714,0.5069907466667827,0.12716295519546608,0.000614463703435489,672,1.2868127857211415,0.3341925614397905,0.004119315780640026
1,0,0,1,1,237,0.5382817057153388,0.06445254759157679,0.0012293839439401599,241,0.5179431589614443,0.1041213797548741,0.0011548748469731415,228,1.3303646764355717,0.33801833862831454,0.008060047311160003
1,0,0,1,2,111,0.5671803010830789,0.05640805501557668,0.001956399606191272,118,0.512940164204053,0.11303270360712007,0.0024201969383440755,104,1.3823252127961743,0.28072473394514313,0.010632338470427445
1,0,0,2,0,3128,0.5651581139301644,0.06259543577319204,0.00039819836239871276,3392,0.5347452584269682,0.11470784327495374,0.00032999469867397264,2495,1.4955687096462684,0.3320457674803073,0.002627778393813899
1,0,0,2,1,626,0.5781420220629334,0.06581006830096714,0.0012661205488595376,762,0.4693425353696608,0.09535071968321927,0.0009709209732687471,522,1.5312138533553379,0.34749044104222404,0.008947739527753447
1,0,0,2,2,216,0.6051064380326003,0.06635680923687014,0.002739676203988261,276,0.4435700915853912,0.09813396705840687,0.002036726882256588,162,1.5753625410567011,0.3410627562969333,0.021271803480726444
1,0,1,0,0,8,0.533745737295378,0.08273354263382206,0.0,10,0.49658281700577744,0.15922697894552773,0.0,7,1.1210731849851685,0.20655164866829076,0.0
1,0,1,0,1,6,0.5097298657014778,0.052869653698507886,0.0,6,0.5699016305273337,0.1312318130303193,0.0,6,1.1643795987792906,0.3358672041565024,0.0
1,0,1,0,2,13,0.5415500090955193,0.03830091225364594,0.0,13,0.5577131663210795,0.09673808580966692,0.0,13,1.2502341636106467,0.2318559150403846,0.0
1,0,1,1,0,57,0.5159043638916564,0.05732284035812433,0.0021985586510889494,57,0.48838378749768635,0.11486818780760932,0.002060694151744116,56,1.1712567699655827,0.2595709828040778,0.00885439086002668
1,0,1,1,1,27,0.5129227603877894,0.06097130128890379,0.00307544755379209,27,0.49610089350180425,0.10452897552954471,0.0018946920081704028,26,1.1581540030466544,0.32974222667002884,0.01917192397648461
1,0,1,1,2,56,0.5721302790548115,0.06668885741913332,0.003786893365448151,60,0.46032921557380546,0.11055630601547696,0.0034940313942904214,51,1.4442055883119596,0.38472611977680715,0.02645271302476753
1,0,1,2,0,198,0.5544971177107845,0.06358327612614889,0.0012641520816813522,208,0.4918009511555796,0.1067790812246732,0.0009932875967861552,164,1.3921342087327935,0.3119289504337332,0.006570814296952962
1,0,1,2,1,186,0.5730863040728366,0.0726789767781359,0.0022347562977747416,220,0.412924097802278,0.09146956209678349,0.0014944423843373613,158,1.444301397825519,0.394261808445284,0.014850453286685918
1,0,1,2,2,129,0.580176419889773,0.06446994208180751,0.0024966047875403874,166,0.4173601563622265,0.08512457251357917,0.0020207235906662437,109,1.4928267342361805,0.33046633106612977,0.01686690577967795
1,0,2,2,2,1,0.5788013454163696,,0.0,1,0.4645050986997037,,0.0,1,1.5785178729651537,,0.0
1,1,0,0,0,134,0.5280205899823659,0.06916581191927534,0.0013244022302297304,139,0.47837432752867715,0.1117146501285535,0.0012409759307953074,132,1.1792163201915637,0.34663705992578653,0.006364317720104141
1,1,0,0,1,142,0.5150255566523454,0.048394650183143414,0.0008888781901665269,144,0.5280392221986662,0.11042627047615895,0.0007595681322118574,143,1.1052403571717386,0.22638762306750304,0.004102747961027285
1,1,0,0,2,110,0.5211587095361644,0.05752188597088667,0.00024203731518838298,114,0.530205431319554,0.10088412134694759,0.0006857454323205023,113,1.1359113964686365,0.28798085550281805,0.0009504323083592046
1,1,0,1,0,426,0.515988487260564,0.060262298159960516,0.0007752524979133715,436,0.48754818081162915,0.1081520453038227,0.0006327427569324294,431,1.1251378415887556,0.30533060559831426,0.0037182214128130054
1,1,0,1,1,398,0.5087044885882205,0.05464033966740154,0.0005335715106593106,407,0.4924866258940266,0.10040826682788474,0.0004178024832582458,407,1.0937915645581835,0.26900422576490657,0.002181798317201105
1,1,0,1,2,220,0.5175779569563298,0.05333980983875529,0.0007219816642497158,223,0.49971379401202753,0.10307402945537555,0.0007354651090153018,218,1.1465412386382805,0.260553396500878,0.003827086691101196
1,1,0,2,0,1929,0.5367662373969834,0.062110737194199635,0.0004471680604305139,2004,0.4746803083221939,0.09569596868171763,0.00030851376611224624,1750,1.298584978373878,0.3595272264891223,0.002545408735896337
1,1,0,2,1,868,0.5388186620495129,0.06213716499479022,0.0007924038987546645,927,0.43786417759779017,0.08828349651712109,0.0005992509201699482,836,1.2813783267264878,0.3327809026823181,0.004885114591085645
1,1,0,2,2,225,0.557343440354567,0.06586636902503384,0.0015603340807820941,241,0.43707701229129864,0.0903607031524902,0.0013614674248480054,203,1.3645436968564162,0.3352377251143812,0.009735494643227038
1,1,1,0,0,164,0.5323955235566916,0.06549287067232985,0.001769456597148459,166,0.49325545191857034,0.11719284838905111,0.001306975318418971,164,1.209558222233299,0.32849069606715514,0.008468944556199823
1,1,1,0,1,208,0.5059343846310056,0.05848577055634656,0.0005176819002083282,217,0.5292796619279443,0.09684915752433956,0.00045785112591178827,216,1.063342706039291,0.28199859174560776,0.0022279362502949326
1,1,1,0,2,244,0.5076991212757451,0.05546204060278821,0.0002965198838309807,245,0.5322279800907829,0.09553893918851256,0.00031207647840121404,245,1.0882885951482717,0.26121741331348375,0.0012785535443385083
1,1,1,1,0,692,0.5145298485003599,0.05070021001142909,0.00047679602333460175,705,0.4967634463390822,0.09749736502724204,0.0003968248653896246,705,1.1228343789992437,0.26265427613359027,0.0020815009265625697
1,1,1,1,1,675,0.5044473104065331,0.051601421515034926,0.000367168052406967,680,0.48936075059980066,0.09243903140430347,0.00029903759329258297,682,1.0855628076101966,0.2451612019987745,0.0014635189114986197
1,1,1,1,2,558,0.5164796686881402,0.059806048680584215,0.0004361396930819497,573,0.4964660838867571,0.09989372712312018,0.00045758553125040564,556,1.1418841502998416,0.28991005190360564,0.0019040244918001998
1,1,1,2,0,2641,0.5289157847336855,0.060148228959012374,0.0002967383752386407,2712,0.479913797963919,0.09215164303351177,0.00021711785640318664,2453,1.257240110457432,0.3502363419129076,0.0014860650892943833
1,1,1,2,1,1304,0.5322827775594698,0.06121397631177546,0.00038991894509962313,1359,0.46273491123560895,0.09574668805063648,0.0002910258100876687,1269,1.2649496560998925,0.3296055882281647,0.002202199837766165
1,1,1,2,2,568,0.5521335056350456,0.06607264466372985,0.000718853083783142,595,0.4545017875900015,0.08951087220431019,0.0006746706295730357,517,1.363877126236918,0.3537017200624769,0.004375491912403479
1,1,2,0,0,10,0.5313032274124045,0.08758303864585244,0.0069622340563118505,11,0.47438256644685306,0.1058104973854209,0.0040293875163075095,10,1.2318780871825916,0.42904658542562907,0.01970818833428607
1,1,2,0,1,19,0.515275099954618,0.0724130020053509,0.0,19,0.49643082283648243,0.13138878035633292,0.0,18,1.239300268453503,0.4135119135318358,0.0
1,1,2,0,2,43,0.4972382540595487,0.05690190377380778,0.001796248389674332,44,0.5214919899243271,0.09846557371014858,0.002041145915187874,45,1.0969083786647948,0.31664303804866467,0.007412827708203687
1,1,2,1,0,20,0.49462033157206137,0.0469022541240099,0.0,21,0.4790338247149982,0.0984519103238346,0.0,21,1.0316563540964117,0.20002392537150634,0.0
1,1,2,1,1,69,0.5152496995636457,0.06076207461724343,0.0011720623830879834,71,0.5117378515590509,0.11309902507556088,0.0009667561913952347,71,1.2002187466033079,0.30885966078380145,0.0037493919344823937
1,1,2,1,2,76,0.5156847674511866,0.05245850063933182,0.0009181137705014125,80,0.5082573119228034,0.09786410302620678,0.000808781999863962,79,1.1926886797908083,0.330360781389419,0.0036716496503517225
1,1,2,2,0,225,0.5361227779820249,0.06385613470188191,0.0010962208056600577,226,0.4872198814403047,0.09256151476495149,0.0006472213290612362,203,1.3287947377527851,0.34235391739667215,0.005549917588068841
1,1,2,2,1,142,0.548790661191291,0.05620394623432251,0.0008200371895211972,148,0.48665757673564225,0.08520054006770388,0.0006545352352526261,126,1.4048013707845142,0.36037296181801365,0.006023515704677114
1,1,2,2,2,67,0.5320109946236352,0.07315506736000174,0.0016255787839822857,72,0.49635995043514847,0.08941392820366315,0.0012409656927253089,60,1.2533780918539676,0.40111167882878873,0.0077837029462244555
1,2,0,0,0,87,0.5393659519847401,0.06495736585400606,0.0015370596112190475,90,0.4977283606128507,0.12357726710677641,0.000765494302660358,86,1.2187689862413316,0.3210822443807524,0.007864867901680487
1,2,0,0,1,108,0.5286071673483106,0.061138280076059724,0.0007206318152183443,109,0.5201700353958891,0.10333638083037139,0.0006827334322139798,108,1.1629762253079667,0.2996531969123505,0.0022268868730387203
1,2,0,0,2,97,0.5255473948474189,0.07124143132910277,0.0,98,0.5100337656892154,0.11782786846960441,0.0,99,1.167831357798589,0.36042222296146037,0.0
1,2,0,1,0,186,0.5130553969043683,0.05895657089981984,0.000903055726334661,187,0.47689343545502,0.10949927250691714,0.000776791157691331,188,1.1155341137308021,0.2882870090684646,0.004229306504799915
1,2,0,1,1,181,0.5191070558303763,0.0546707309436166,0.0007427392727645277,184,0.49618518181382576,0.10201750349468454,0.0007430166023414352,182,1.1413820372631245,0.27108268267741503,0.00348488280752509
1,2,0,1,2,114,0.5277566655113708,0.05687717937838864,0.0008337990443063892,115,0.5123843822464782,0.09590620409278519,0.0010590449248682335,114,1.1905934557817763,0.2784827267703769,0.004939987429594199
1,2,0,2,0,464,0.5263605639069491,0.0667370068962969,0.000921267355393166,486,0.45611737530326824,0.1028932386267543,0.0006802842446351463,455,1.201985461352229,0.3456556730336159,0.004955585816372427
1,2,0,2,1,253,0.5417989647466634,0.07151691873004834,0.0012819870849004,278,0.43962186321044555,0.08852183556649298,0.0011073782416597005,237,1.2698301024684204,0.34757787087108083,0.007808086430305596
1,2,0,2,2,96,0.5676895458511058,0.06459261952784073,0.002294749242018807,112,0.4279802372824198,0.08351242684265549,0.0019723233395321092,91,1.4283467543256205,0.3569194239676008,0.015633346205936278
1,2,1,0,0,319,0.5300204067655855,0.07184970807539157,0.0006042270334883018,333,0.4859578126415334,0.11754213693146863,0.0003628620520232493,318,1.1733092727928962,0.3519121307028873,0.0028219403727394706
1,2,1,0,1,481,0.5118295076190733,0.060052959776792404,0.0003441674141611854,490,0.5145490455945969,0.10639223321205593,0.0003783736532129619,488,1.0921955311402145,0.2850792853892072,0.0014268779775243742
1,2,1,0,2,476,0.5102547895276469,0.06137911116874987,0.00026201988069319827,490,0.523981480820471,0.10239468456398974,0.0002626428779006619,488,1.0968756725153166,0.2962754431258734,0.0012097980037503848
1,2,1,1,0,833,0.5054023157013986,0.05282503680653562,0.0003943433799335581,848,0.49444017157773984,0.10517838822013904,0.0003180973104512731,846,1.0697852319370036,0.2435462898334645,0.0016925982275626378
1,2,1,1,1,1115,0.500547099183713,0.0510955288549045,0.0002242280473889635,1132,0.488844194449258,0.09444369783893437,0.00019109053328995792,1134,1.0687572145001771,0.2408732356762194,0.0009142454808203893
1,2,1,1,2,693,0.5095883402159841,0.054304890874667916,0.00029242121303675275,710,0.49779493598273195,0.09340046224094926,0.0002642616997257894,705,1.1260524079684766,0.27135417723685207,0.0012133107946108587
1,2,1,2,0,2538,0.5199170682543237,0.05523910101534219,0.00025339644779758246,2601,0.4807690476679498,0.09104334433432862,0.00016656571208746433,2518,1.2091713880686088,0.3014317190736112,0.0011340633447385813
1,2,1,2,1,1432,0.5193829564691298,0.0605576029748967,0.0003096778201963192,1469,0.4722952924920028,0.08845317142446216,0.00023723749180899707,1416,1.2223485482407423,0.3235162796282319,0.0015636903107237154
1,2,1,2,2,451,0.527632038967258,0.06308212490125285,0.0006610534871514195,478,0.47481733399983606,0.08204453986536693,0.0005887894052678096,443,1.245300593223014,0.3466780738303084,0.003653446224406542
1,2,2,0,0,874,0.5366317560740956,0.0679510988539434,0.00039002163977549555,921,0.5039370712208634,0.12460251946035483,0.0003502088620263595,870,1.2214362611934428,0.33617729758688925,0.002081742571634248
1,2,2,0,1,1311,0.526084650157056,0.0627403298070862,0.00018210476013856254,1330,0.5289167144042971,0.10910459642440849,0.00016452303574396687,1319,1.178203703638034,0.31051090145671406,0.0009229903284083258
1,2,2,0,2,1651,0.5162248764857886,0.059384079490937526,0.00012595300607191683,1681,0.5297470192915819,0.09967996096582353,0.00011952540894139029,1662,1.1340048009942723,0.28195005282065605,0.0006280310129764708
1,2,2,1,0,1298,0.5141187323226272,0.05196489287133213,0.0002700838701235238,1298,0.5081484883795091,0.11213867019401969,0.00021515115197004404,1313,1.1277054549207657,0.2538853265972889,0.001235785246549136
1,2,2,1,1,2306,0.5171497560206645,0.05185254671568063,0.00012469367522821174,2318,0.5232959937874028,0.10519155306133753,0.00010734191316931921,2322,1.1748546982787422,0.2638599051935108,0.0006104098240680234
1,2,2,1,2,1990,0.517949266887697,0.05056115382931237,0.00011853236165223092,2004,0.514167496309221,0.09373418189874311,0.00011044035179774269,1994,1.1861230436543053,0.2605044450456021,0.0005063794459588388
1,2,2,2,0,4614,0.5372176576056046,0.05948469096142117,0.00013785286500301428,4732,0.5052662408743482,0.10129270553017036,9.533641403894866e-05,4263,1.3262885651090541,0.34210873462689945,0.0007294792174766606
1,2,2,2,1,3922,0.5374024940082365,0.056376535997539584,0.00013087701263286207,3996,0.5086318355885241,0.09221866104756249,0.00010122299283906656,3731,1.3524065405526224,0.3216367988590281,0.0007505669741013514
1,2,2,2,2,1678,0.540150507859385,0.055616192994089875,0.00025232584342527257,1704,0.5024886619192702,0.0877297318857182,0.00021680627737568405,1594,1.3576170968768377,0.3088036008434256,0.0014697604573972111
2,0,0,2,0,927,0.6015860117856068,0.05842701102503394,0.0009420694892651845,1198,0.5649936503059674,0.11480457134891975,0.0008035725459780482,675,1.6380470072215816,0.3295542638386064,0.00746500097415586
2,0,0,2,1,168,0.6211916362795964,0.050323769484195424,0.002780167000413799,263,0.512001847128527,0.10617004996789696,0.002192657349671694,122,1.7302272507691632,0.29151796718781803,0.022747615106454584
2,0,0,2,2,92,0.629280935257511,0.04394585353865927,0.0045976126928087046,110,0.47722646157348597,0.08746923284346751,0.0033921792542294066,65,1.7184031513917313,0.22137261728177257,0.03636599192534661
2,0,1,2,0,6,0.5425565821522981,0.07850641262490633,0.0025251146081731366,7,0.5422822562308881,0.11123115742154996,0.007714771598779502,5,1.185200396680338,0.12540995028672147,0.0
2,0,1,2,1,12,0.5911318543416574,0.03783740902431015,0.007883422853862138,12,0.45391481460536154,0.059290994655469165,0.005234519093922214,11,1.4886200693605738,0.13868730720779548,0.055651163347913195
2,0,1,2,2,6,0.6376404276128086,0.031475407595840506,0.010893945295797012,7,0.3806121363584073,0.12480501877022111,0.009978535451195137,5,1.918245060512125,0.2612807181745078,0.09777232813338328
2,1,0,2,0,535,0.5860080810134494,0.05194448878745012,0.0009974100735872223,584,0.5315085570993427,0.10891359812243803,0.0008254644321705742,453,1.4932970705918356,0.29592333929065273,0.007202864056575615
2,1,0,2,1,154,0.6001191848180447,0.050931199913051804,0.0026515653342256786,203,0.46317125086963495,0.08664887570901676,0.0020492971002927735,133,1.553243193618773,0.28423789390569915,0.01890535397921601
2,1,0,2,2,44,0.6320412624386047,0.04350833156352641,0.006434782923087937,63,0.44507301737955585,0.06779105563833582,0.004578179262409321,33,1.754962148375998,0.2763401051671164,0.0513948824101823
2,1,1,2,0,53,0.5710118911591632,0.055924787044250156,0.001842014323515254,57,0.5756196370813078,0.09813657713276211,0.001775314103355485,43,1.425668300205501,0.3231717482709294,0.010617961353488218
2,1,1,2,1,20,0.5767248134523955,0.07199981052544961,0.004566153817812892,25,0.4744907209149757,0.08802800495873653,0.0035421360649765983,19,1.4748346713673475,0.40841783234435614,0.03560925915884295
2,1,1,2,2,26,0.5856620979972033,0.05662617435298429,0.004598935951612473,30,0.4383496839726608,0.07027217844299047,0.003991085669831523,22,1.4636822893691621,0.2601278359618009,0.022503801004685204
2,2,0,2,0,75,0.5693706578534155,0.05503872499748274,0.0025114222197594595,79,0.5204238908292917,0.10853065039321717,0.0019158641727934616,70,1.3887309379236663,0.3177660441276281,0.01671638492817016
2,2,0,2,1,42,0.5713374584016068,0.05028893279673561,0.004364475305263278,46,0.487848067382589,0.08857171123090365,0.0037193866074947844,41,1.423978205441723,0.2877756368028982,0.027297932838034073
2,2,0,2,2,17,0.5809148416513119,0.06840278439720421,0.007957835889629426,20,0.4414242063900831,0.09083469070492506,0.0070751548645578925,15,1.4608126143700586,0.3756908151807341,0.06116050671266469
2,2,1,2,0,103,0.5617325137136299,0.05932485870223851,0.0013537129732089418,104,0.5104613522938395,0.11512882440887566,0.0012460506174528487,72,1.3297874884735275,0.32417848723855675,0.009390889798556148
2,2,1,2,1,42,0.5585604777545514,0.06189665850878726,0.002801381445184982,46,0.5073575033762547,0.08192789722463198,0.0022877620412350406,38,1.3284971983412643,0.30358134391960745,0.01606954516480925
2,2,1,2,2,24,0.5742175958193592,0.05547816867696403,0.004354602326855212,25,0.4472116313172076,0.08506507266127403,0.0039646607666518905,24,1.4590334233359903,0.32813478668866625,0.029465629499789706
2,2,2,2,0,135,0.5650686091096735,0.056986687457881616,0.0008676338477215139,141,0.5410394848897869,0.10315152580126746,0.0007765778094262055,97,1.526352407446521,0.3129393606474754,0.007492984116961484
2,2,2,2,1,105,0.5767850122263594,0.05406278830707891,0.000481771209404177,105,0.5421959280996216,0.08551728623422383,0.0002685590810783055,65,1.5874328468621592,0.2929577760920072,0.0038021796536693575
2,2,2,2,2,62,0.578273658450918,0.05159202993196538,0.0008382048552931479,62,0.5461023536163189,0.09073561025121955,0.0007262449994326331,45,1.6285492188676824,0.31378588096055954,0.009822190567705624
3,0,0,2,0,966,0.5922434139069368,0.06047003659702855,0.0007385075834913595,1206,0.5804661637208588,0.11410434164720049,0.0006386334910626104,653,1.626739014388453,0.32134600025224036,0.005705076248142175
3,0,0,2,1,70,0.5915826616033837,0.05267484042453688,0.0034365224385772873,81,0.5220670569595602,0.10155582427297201,0.003060794473688456,64,1.6936437898014007,0.3041287728471838,0.025656859493789808
3,0,0,2,2,28,0.62084908228734,0.053993199134880064,0.007717281749184843,32,0.47371447787979143,0.07144091948954887,0.005362436830548731,22,1.6930627407238552,0.2834250377034152,0.061795180593162
3,0,1,2,0,35,0.5838230474039188,0.06458171744156921,0.0034106604363355465,35,0.5693051249509988,0.09577215083001636,0.0024928619193884103,21,1.5442260011985216,0.30802632729112117,0.02799121914449683
3,0,1,2,1,6,0.6531179680987503,0.03547783719010798,0.016225975736256636,10,0.3828497775845713,0.09716525679289259,0.008531958552264185,3,1.8766211292774309,0.2954624425282438,0.18527406935814975
3,0,1,2,2,13,0.6084802633940014,0.043454399539162775,0.008133125898460785,23,0.3315738823963739,0.06767901825374673,0.005544146738261113,11,1.7115109494961833,0.1760956484656483,0.06026143102229431
3,1,0,2,0,231,0.5792396421809292,0.05522440888595311,0.0010361069829822116,273,0.5542162644159234,0.11547452323646686,0.0010313213550965565,171,1.4561588409840351,0.3265260776280733,0.008100558636760078
3,1,0,2,1,38,0.5913545744673218,0.0723582050122919,0.005131620763219762,53,0.45858950189823855,0.10893342561730633,0.0039575170833062966,26,1.4735383932280173,0.4002794448459389,0.04329907205174624
3,1,0,2,2,26,0.5868742479719498,0.06476774598909943,0.0052383574859764205,36,0.4208085144076179,0.10430487076863472,0.004492234099736428,21,1.5282991030767104,0.33422383379170273,0.041219332562814986
3,1,1,2,0,136,0.5659809156069538,0.06002913989588727,0.0013266970208753856,142,0.5463446412164755,0.10332307911239841,0.001236922425118016,102,1.4013726749493531,0.36924872434988454,0.008122028335756622
3,1,1,2,1,38,0.5602570895719129,0.06128481051349382,0.0037649977251846137,46,0.46273814618649906,0.099241026012999,0.003157803443088796,35,1.3950782200758869,0.32703069653475897,0.02250494251651836
3,1,1,2,2,34,0.5806988851106426,0.0561625584614317,0.004167772307953371,41,0.39091661193652466,0.07462023736983742,0.0033765576852123314,29,1.5750904348476469,0.3494961308748057,0.033829985974300966
3,1,2,2,0,5,0.5480337588089077,0.09232766205510766,0.011804450893072239,5,0.4970247981052773,0.03781917512034389,0.009071389028554745,4,1.1686859699487866,0.3243988694424691,0.03898951805624107
3,1,2,2,1,1,0.5822422260838455,,0.0,1,0.501625181562764,,0.0,1,1.507794805814325,,0.0
3,2,0,2,0,31,0.5674963382657148,0.05213826746593251,0.003961932029711957,32,0.5218385744194677,0.1111782004951537,0.0025288010796398696,28,1.36319523424319,0.24471030475292566,0.02531608745458198
3,2,0,2,1,14,0.5475783151219639,0.08162298910816206,0.009597379167060762,15,0.453077242037465,0.09273178625985304,0.00679727829516815,12,1.229658903316297,0.3232075519635762,0.04589672678997289
3,2,0,2,2,10,0.5508075461498967,0.07100850667623171,0.008445777466707077,12,0.40430745795378326,0.06644424656016976,0.007463244532556889,8,1.2047954248312371,0.2303930206460966,0.05767151637662968
3,2,1,2,0,78,0.5510279320945413,0.05144722916338585,0.0010812397873573767,79,0.5377848747515871,0.10081895970471771,0.0005612732780746245,72,1.3471302290022438,0.30310217215496704,0.00552844500739804
3,2,1,2,1,32,0.5416516615262685,0.07563230865938667,0.0024524863482250966,33,0.4794242522656096,0.08730047649136834,0.0023873374392864638,30,1.3026652056115373,0.4159791151771068,0.0141399727901108
3,2,1,2,2,25,0.5082023765436494,0.07371204541102513,0.0035062092896047566,25,0.42549165316193943,0.07479443127007138,0.0021536598163791583,24,1.0678791482399062,0.22655998774082373,0.009495507782973802
3,2,2,2,0,266,0.5606504976445675,0.06519196098182509,0.0007020526949090762,293,0.5336458023211039,0.10510956735907373,0.0006759841087598341,192,1.483208264545205,0.3477186496860492,0.005670104492735057
3,2,2,2,1,186,0.5482204571019035,0.0620690419680542,0.000411367311691322,191,0.5168963678382796,0.09168968310475537,0.0003062721537589215,151,1.3962987196913716,0.34936471831979143,0.0030640821234654346
3,2,2,2,2,84,0.5320533092996771,0.05573906173676007,0.0007404409187209895,87,0.49665337734025516,0.07831651203466104,0.00045300067678547744,76,1.376129694979015,0.3317862616995009,0.0038591627560176935
4,0,0,0,0,9,0.569027337629517,0.06058955503194354,0.0,9,0.4436898709311963,0.17182342620187088,0.0,7,1.5060304378143188,0.33168977007269645,0.0
4,0,0,0,1,2,0.5067701449212607,0.02764305238918788,0.0,3,0.5691771329936263,0.15273123268974464,0.018018159582115018,2,1.6761193867623452,0.09345617333373697,0.0
4,0,0,0,2,3,0.5751323119130455,0.03626558173622718,0.0,4,0.5506597816346388,0.1514531825982657,0.0,3,1.7167004704886504,0.22789612140496196,0.0
4,0,0,1,0,6,0.6182801110500393,0.06481110700948096,0.0,7,0.3374975244818956,0.18167999288919393,0.0,2,1.7415122147562485,0.35282745008532324,0.0
4,0,0,1,2,3,0.5288600432963628,0.03561318763517582,0.04138546358548205,2,0.3589800413989169,0.18955149491046247,0.02013415002812699,2,1.8038603926971981,0.0037483355601978584,0.2492184898934372
4,0,0,2,0,81,0.6139220016152204,0.07006746016099454,0.0032025907178765615,169,0.39911916259352404,0.1226071662948256,0.0023558792250546177,8,1.612907454576915,0.41041920359900297,0.05978256014298518
4,1,0,1,2,1,0.4959182396821657,,0.0,2,0.7124727294991379,0.03324968687628701,0.01933386972228701,1,1.067411057978384,,0.0
4,1,0,2,0,36,0.5888313624314697,0.07616137070761457,0.002786214824663632,49,0.41861898935440506,0.13092313346401407,0.003015710241000602,6,1.7541239424551784,0.3724418912886762,0.0
4,1,1,0,0,13,0.5827420815048281,0.09106079416712154,0.0035080470592845016,19,0.4117476142928388,0.1436392324065726,0.003248978458171366,4,1.3884230174455143,0.48318219859382794,0.0
4,1,1,0,2,2,0.5202670242566629,0.006363398214319677,0.0,2,0.48609222681746383,0.06240946060121764,0.0,2,1.5409784784017448,0.4402315165115691,0.0
4,1,1,1,0,7,0.5612736224429534,0.06888992268322146,0.007216660868386206,8,0.3496472505703267,0.06869521326863458,0.004629629629629612,2,1.622056267691992,0.40830799064612283,0.0
4,1,1,1,2,8,0.5774845140134779,0.056540956780446336,0.003633755938053998,7,0.3871938780175256,0.07369626915642802,0.0029755178075782573,1,1.7985047828398346,,0.0
4,1,1,2,0,45,0.6011782700177218,0.06375137088154868,0.003917528776491569,50,0.3783554423130368,0.10862626640210975,0.0036652148848472406,5,1.7445000263253885,0.5199394070224717,0.053018686706984876
4,1,1,2,1,8,0.5885843484840904,0.036579516955846915,0.005628483053624862,10,0.3859873409723249,0.09633414354961357,0.00462342899864245,1,2.096070348041324,,0.0
4,1,1,2,2,8,0.5653570354203544,0.08260844388757814,0.004451353531873606,10,0.39268366285593115,0.10358555654867765,0.003777500159061048,1,2.03387950579636,,0.0
4,1,2,0,0,5,0.590608838046377,0.07894348408767304,0.0,5,0.519597882022081,0.13204827386170787,0.0,1,1.188661134111079,,0.0
4,1,2,1,0,3,0.5854674970379101,0.05328917715484374,0.0,3,0.4663626175542088,0.1376809454094011,0.0,1,1.5976999772897422,,0.0
4,1,2,1,1,2,0.527000247569175,0.07232813189379787,0.0,2,0.4724624172246391,0.11051734179078929,0.0,1,1.3621934884228422,,0.0
4,1,2,1,2,7,0.5475199421482583,0.049570246583488284,0.0,7,0.4264777695458304,0.1053525051806176,0.0,1,1.9572781669277557,,0.0
4,1,2,2,0,31,0.5859557955039811,0.06779934972888044,0.0056732718968651626,30,0.380325547961836,0.13543382682428773,0.002935956898960127,1,1.2999367213221944,,0.0
4,2,1,0,0,6,0.5789820016444698,0.07272092284895548,0.0069060028492061165,11,0.4380608051824723,0.1620247850892312,0.002486015441796143,4,1.5861652541925175,0.034977535333720264,0.0
4,2,1,0,2,7,0.5554844095737249,0.08246939903300514,0.003417071742504623,7,0.4465192943808088,0.15371840247266005,0.0,1,1.6751839077213124,,0.0
4,2,1,1,0,19,0.5961009687304387,0.06832570643644585,0.004480987832474975,19,0.38629209171537865,0.1328862605389744,0.005575958467275885,4,1.7592222276955911,0.24771445576949871,0.0
4,2,1,1,1,9,0.5705297565336441,0.0833393949669422,0.009319251037387954,10,0.5477719549851324,0.15410390358249493,0.007723343622271517,2,1.6992797157239132,0.23252689916341557,0.0
4,2,1,1,2,16,0.5644662579118548,0.07140154884189588,0.005866421821676953,14,0.44692552070283165,0.08041709387891113,0.004579554406219454,3,1.9981574794998398,0.16834035740580275,0.0
4,2,1,2,0,59,0.5882423233473092,0.06785115159604689,0.003823249525946114,60,0.4154304607880804,0.11361429253243184,0.002962522692693623,7,1.674585229743032,0.22892193526319682,0.05945683319035964
4,2,1,2,1,23,0.5879851515412652,0.0699013414219232,0.004781831106912898,22,0.41100841836416835,0.10842973585688781,0.0038283056370843403,4,1.9061543990889105,0.2611027762873516,0.0
4,2,1,2,2,16,0.5896613006683492,0.06128915647204344,0.006612136840762244,16,0.44208401991363516,0.10412634411976501,0.006028740269825163,5,1.6766765895518492,0.5246957611811148,0.05261024163772514
4,2,2,0,0,28,0.5846936105152075,0.08802199328388233,0.001837570250514467,37,0.44310344885449554,0.1405119033225309,0.004457639797803992,13,1.5704256217448658,0.3668713066057511,0.06568963944670014
4,2,2,0,1,4,0.5382786814580676,0.04883745492676366,0.0,6,0.48903459622777795,0.1548389081805271,0.0,3,1.948435547301277,0.16658655659703384,0.0
4,2,2,0,2,4,0.469838833119718,0.05737165269416625,0.0,5,0.37361300049423846,0.09260045341687832,0.0,2,1.450432809871777,0.054518853263321426,0.0
4,2,2,1,0,21,0.6227562164912781,0.07236227235484002,0.006320513468662416,38,0.39218274050917823,0.12286147516566207,0.003977550562505117,3,1.9416807672508434,0.043498367074804686,0.0
4,2,2,1,1,6,0.6115444664486832,0.056856241756364945,0.0,4,0.47611550955585213,0.15506190885459228,0.0,3,2.0774839633423365,0.15730143888664033,0.0
4,2,2,1,2,14,0.5234297514705004,0.055481410830593866,0.0011505356089526661,12,0.39376905934241885,0.09854001474083193,0.001870922274248038,3,1.7952675811194094,0.08291781520548881,0.0
4,2,2,2,0,184,0.5763474722402023,0.07422989822618666,0.0019906864996743546,188,0.40028081916633423,0.12090342886678603,0.0012996002344727961,24,1.7625378851253117,0.3048729326196259,0.04337629849266029
4,2,2,2,1,43,0.575919656079818,0.066884508052753,0.0032658218991299085,41,0.38570314439255454,0.13488361108767186,0.002522157717092936,5,1.8412756895274005,0.16410450785828845,0.08252869782928007
4,2,2,2,2,15,0.5656396756698568,0.055248582174587245,0.00411648421709776,15,0.4301911082702304,0.11081983180310423,0.0017764951943774292,1,2.009435282508216,,0.0
5,0,0,1,1,1,0.5784580778468004,,0.0,1,0.5749854294091489,,0.0,1,1.611177271017234,,0.0
5,0,0,1,2,1,0.5826604148038003,,0.07296478542009632,1,0.4435836272245005,,0.08154290306425471,1,1.732296646631476,,0.44548712763295106
5,0,0,2,0,51,0.6240880634187462,0.04845334076165087,0.0033582985416616357,100,0.49370150563917503,0.1397985923609239,0.0026967075427827393,8,1.9527921385933578,0.1701673039673519,0.048967547948349226
5,1,0,2,1,1,0.5469332756332242,,0.0,3,0.5634740366237082,0.05650531837695757,0.022835181687392042,1,2.1387360101618555,,0.0
5,1,1,2,0,72,0.6033566016818179,0.05189735679983712,0.0026634559416493088,97,0.40199637707341507,0.10372627914300801,0.0023800514489758554,3,1.8349495749942502,0.25662718093314246,0.058717639054530014
5,1,1,2,1,12,0.6220415292033663,0.0618705743839343,0.007191237094286876,13,0.526641096274955,0.09688072092045148,0.004044588905678855,1,1.913349991453141,,0.30228166012574387
5,2,1,2,0,25,0.5932168014052696,0.05913456735053744,0.004002579750977444,27,0.40645359963368405,0.1014957104167212,0.002317974134588523,2,1.8718099107261137,0.05216921633393413,0.0
5,2,1,2,1,10,0.5581313294278634,0.07970929313418247,0.007924333290553866,10,0.44313255802151214,0.10891280297850812,0.0045321699420290094,2,1.634333673127412,0.02115829434515468,0.12094532967434435
5,2,2,2,0,85,0.5965354627208972,0.052430893096871135,0.0015007842582341272,99,0.47248819037139606,0.10157583074300926,0.0011152958184979481,18,1.9097113234833318,0.250495932078032,0.032742817005184825
5,2,2,2,1,24,0.5925966262127964,0.05438027946407417,0.004418326379278142,27,0.46494190089793214,0.10974098926378381,0.0018958913068025706,3,2.0667871324613887,0.06476439378546286,0.0
6,0,0,2,0,39,0.6388792093073565,0.04605756567629009,0.004213162701436822,115,0.5197600100155052,0.16662753552923407,0.0028571273942406593,5,1.9263758587200104,0.19633439537045075,0.0
6,1,0,2,0,50,0.5990821671871298,0.05522808497215471,0.0030515413423531763,105,0.43029586633924105,0.1414732253899127,0.002348536024098175,2,1.6339606386796584,0.06999495880419426,0.0
6,2,1,2,0,120,0.5986203449144063,0.07120973624517205,0.0027306690474535817,124,0.4531407492423805,0.14032370641791853,0.00212432142800048,14,1.8845128135868559,0.3141173330795034,0.07200735826105757
6,2,1,2,1,16,0.6156511660438686,0.07724708332412353,0.006627517706403414,15,0.4295529036773852,0.12543246620566897,0.006487327550535251,3,1.5237699301316867,0.530936124746622,0.14818846418745676
6,2,1,2,2,13,0.6132379459532715,0.0698271492061314,0.016004225714878972,12,0.3631197373964947,0.05120986416032549,0.010063745443777763,1,2.076762344613324,,0.8013291318689304
6,2,2,2,0,50,0.5875238552854405,0.06467124715628474,0.005105304592760259,58,0.40656298583489725,0.13444165913779846,0.0029170950772674444,6,1.9507461256722045,0.14537202527314397,0.09909402473323202
6,2,2,2,1,8,0.6133237299440377,0.05771695598754062,0.0,12,0.3984657281613533,0.08404191180634998,0.0027395685556381305,1,2.0370830872546346,,0.0
6,2,2,2,2,6,0.6216003041844133,0.04185514945890064,0.0,6,0.4773747720300993,0.052854760193548164,0.0,1,2.1865222572516907,,0.0
7,0,0,2,0,29,0.635474046245564,0.04690297538122471,0.004656456517514365,85,0.5339957914536966,0.15389016344843406,0.00301298562539234,4,1.971247320889053,0.16973004803759664,0.08077945945953702
7,1,0,2,2,1,0.4879612417534244,,0.0,1,0.5864597337692683,,0.0,1,1.828260854879032,,0.0
7,1,1,2,0,6,0.6347153101951707,0.049753885960529855,0.011259153864973137,20,0.45875273549644024,0.17083011021794173,0.0074706536379486365,1,1.913551553883076,,0.0
7,2,2,2,0,36,0.606278249052066,0.06334338580979315,0.002536303221315825,67,0.5078454351853847,0.10274997211186983,0.0017609421096640592,7,1.8087853816758943,0.3370233072401656,0.061818792194514825
