glacier_type,temperature_category,area_category,slope_category,aspect_category,AAR_n,AAR_mean,AAR_std,AAR_1σ,THAR_n,THAR_mean,THAR_std,THAR_1σ,AABR_n,AABR_mean,AABR_std,AABR_1σ
0,0,0,0,0,488,0.5544957423165238,0.0712941628938968,0.0008369104312518971,516,0.4963778475301095,0.13160340790625355,0.0007350006620958603,469,1.3062264692114127,0.3643383265653515,0.004853549716720148
0,0,0,0,1,781,0.5500829870543305,0.06961714371554587,0.0006554554760090793,837,0.5053640194969027,0.12640373732816154,0.0005375790631188554,761,1.2869734209944532,0.35547286849273185,0.0036985768098194427
0,0,0,0,2,13,0.5942185387394926,0.06425288764681757,0.010488329867818138,13,0.4236518633297519,0.0862922843616909,0.008503636112017345,11,1.4881943225076635,0.30857517757886677,0.06659291318699748
0,0,0,0,3,17,0.5501586212889026,0.09484279804986542,0.008224350922943683,20,0.4462421662970807,0.13901804539867732,0.006765393591231329,15,1.4485355325453644,0.34258346957508057,0.06386225486823506
0,0,0,1,0,388,0.5444595324317746,0.06108180687591754,0.0004198826664728028,392,0.5352808597170853,0.11817463765077214,0.00040889860858672647,385,1.272605114191811,0.31317732606787874,0.002877563514756301
0,0,0,1,1,947,0.5452787666782561,0.059756266660590515,0.0003355292162564551,960,0.5435293191852552,0.10981146012752581,0.0003652301830609502,942,1.2723232087813503,0.3047695563260065,0.0020953232416585023
0,0,0,2,0,1028,0.5645380527227755,0.06102035011251958,0.00047312467744240936,1056,0.5535916029907858,0.11316173219738448,0.0004902530839890518,1005,1.358975765595763,0.32732630164794296,0.003060487633338621
0,0,0,2,1,2670,0.5595798750625286,0.053203772002024925,0.00023371825348980995,2691,0.5555075891666176,0.0980798887889846,0.00025459531157446424,2640,1.3334378606031818,0.28593064670682966,0.0015158083853983593
0,0,1,0,0,897,0.5457719132829664,0.0605736896797592,0.0005859357343122437,891,0.5192849660119463,0.12694339278770747,0.0005042056560619545,872,1.2920200761812195,0.31316627243791645,0.002961684984851896
0,0,1,0,1,1431,0.5441581295380178,0.05916889801031619,0.00044366628382352355,1432,0.5219502301021504,0.1213627946648849,0.0004040802799815118,1397,1.3024404860179821,0.3140118493050137,0.0025933737756410787
0,0,1,0,2,24,0.5647618416614183,0.057525667569231734,0.009524784881258444,25,0.39425649422707293,0.08799301588177248,0.007364814727836969,21,1.5336983323305202,0.38288733817830917,0.06134317066270365
0,0,1,0,3,17,0.5822137866680186,0.06781429519587041,0.005870639285950637,19,0.43121116946611737,0.11700479463299604,0.004270011800305161,13,1.671395836239971,0.3742030576951127,0.04097420379664704
0,0,1,1,0,636,0.5643900206534016,0.057272561482398385,0.0008629453797590639,648,0.5252529589501402,0.10512697760354862,0.0008451704277865936,614,1.4090169672030641,0.3136954914728117,0.005522269267114133
0,0,1,1,1,1385,0.5508935469967311,0.055067229558027446,0.0004676620074964007,1407,0.5066456708434468,0.10927292443824721,0.00047247339314368346,1347,1.347808279213704,0.30086822921725087,0.0027769897197421588
0,0,1,1,3,1,0.5767912387628947,,0.0573366516069751,1,0.4871181816560203,,0.027753673912114585,1,1.5671950099511458,,0.32356054011189883
0,0,1,2,0,756,0.5866230842329447,0.05597765271686724,0.0010133928474987158,833,0.5135082587989253,0.10931404110085634,0.000914399509557625,707,1.495373248976359,0.3132014657457194,0.006639684504884849
0,0,1,2,1,2070,0.5776509268277112,0.05139234911401979,0.0005286020820190707,2140,0.5088783246696744,0.09253677834576428,0.000500762103967578,1979,1.4557170500385448,0.28566279711204423,0.0034680271965854955
0,0,2,0,0,1056,0.5784635990285506,0.05865414202050076,0.0007530914727742511,1109,0.5286042678904818,0.11168152585668727,0.000636276800146012,867,1.5128759780189638,0.3275317188125496,0.005383823705875174
0,0,2,0,1,2234,0.5734657561714154,0.060953369646983245,0.0005260609981967412,2352,0.5234626310415915,0.10977919280729818,0.0004261807839888886,1831,1.5164017972813297,0.33728328898787246,0.0035957481130573198
0,0,2,0,2,9,0.5379367554981531,0.09319406220512731,0.014350458631676681,10,0.4098766349066108,0.14123515380554919,0.010266100698473177,5,1.2112565746700006,0.43735813276129115,0.11362207314553381
0,0,2,0,3,11,0.5757422794617306,0.10312820987906073,0.010479099908812482,11,0.4635650521115957,0.12430027832036342,0.0074886444649709585,5,1.497172129994224,0.382817285706835,0.0987883205530648
0,0,2,1,0,398,0.5889167033584478,0.05788506242903984,0.001493829950204059,460,0.4883795580803567,0.10407482119321276,0.0013284341114077592,342,1.5603516079917057,0.3298811126627954,0.010852269487555227
0,0,2,1,1,1355,0.5824587665873664,0.05745308448580634,0.0008043951777776514,1534,0.47909579809581715,0.09301241213880539,0.0006742948827530052,1142,1.5469057955606709,0.3167403453590589,0.005769515890396979
0,0,2,2,0,238,0.6127746545693369,0.05225490708833693,0.002358258777337459,313,0.4653343420511522,0.09510625813141423,0.002019769696857741,201,1.6661786996293717,0.29695793981385943,0.017977957787659853
0,0,2,2,1,819,0.6017877407186687,0.05242812077444473,0.001245729536851789,969,0.45846356676798783,0.08343970356926887,0.0010358396438042321,703,1.6089738745859632,0.3026975927397255,0.009166201109039651
0,1,0,0,0,1111,0.5372804133363667,0.06569194914645815,0.0005070210261945018,1137,0.5088915319958276,0.126233720613882,0.0003983824366626969,1094,1.22250175757239,0.3239734315816609,0.002542545886087168
0,1,0,0,1,1721,0.5390986251853814,0.0647682766928969,0.0002451493782013588,1776,0.514628707713097,0.11910971983719457,0.00021618978794968484,1695,1.216591492615755,0.3203248421158762,0.0012698414292136024
0,1,0,0,2,89,0.5404237985410756,0.080480134375381,0.001105864937039586,93,0.4780579429649056,0.12603432017485894,0.0010189166896126102,82,1.2234936411803568,0.37247334634109036,0.00706909969886649
0,1,0,0,3,80,0.5567636358724208,0.07620476005065009,0.0026003372729623843,94,0.47649702674579436,0.14232985310535035,0.0021130474965693215,63,1.387485845846707,0.4123047568747096,0.016895777082817143
0,1,0,1,0,1409,0.5371746477350183,0.05867523398177175,0.0002063396527336239,1423,0.5394514949319035,0.11054082089655816,0.00021590173646810393,1408,1.2250655674227002,0.29816610426729917,0.0009351817976563041
0,1,0,1,1,3969,0.5304383801608287,0.0559290329101774,8.420001836703046e-05,3974,0.5422369722907672,0.10251090592572891,7.644584792957397e-05,3962,1.1794400388145398,0.27455049506341334,0.0003790025347525166
0,1,0,1,2,10,0.5364872771540459,0.05738612109438032,0.0,10,0.5251997489117095,0.11504225637483192,0.0,10,1.2337852034374666,0.23918444223184027,0.0
0,1,0,1,3,11,0.5555393649293604,0.05171812612415914,0.0,12,0.5111787950160388,0.12664649772580663,0.0,10,1.380920730364284,0.24928801506221135,0.0
0,1,0,2,0,1958,0.5454955485776286,0.05805214667268699,0.00015858148991617664,1966,0.5526897148661302,0.10124603708441367,0.00018191351320216814,1943,1.2685532267194946,0.29528544283079533,0.0010612091458213292
0,1,0,2,1,8568,0.5418432062093245,0.05246172461562375,5.162877701078675e-05,8572,0.5586640397742748,0.09351601345900556,5.480650349953298e-05,8541,1.2426655417708274,0.26207880656251936,0.0003198067852958498
0,1,0,2,2,6,0.5377976749152035,0.0635781988676076,0.0,6,0.50370500421263,0.04359615433831859,0.0,6,1.2178430930447368,0.2957564266948929,0.0
0,1,0,2,3,8,0.4968370063213441,0.08581752838498745,0.0,9,0.5210281880622656,0.1055151254352024,0.0,9,1.244781751434171,0.3529037875672882,0.0
0,1,1,0,0,1549,0.5308460016069191,0.0520387615201145,0.00023577907977629728,1561,0.5090576814500894,0.11122425077721479,0.00019177353088039616,1545,1.2083971277136967,0.25802340126939594,0.0011347492275814478
0,1,1,0,1,2639,0.5244408656307011,0.04782704219334078,0.0001848222927049327,2649,0.502931028450371,0.10368876157972673,0.00015289914629669252,2652,1.1665515029914555,0.24987731359198798,0.0008633423972522149
0,1,1,0,2,33,0.5625779002382525,0.06540017589876536,0.0036572661552621705,33,0.5049727068407234,0.13820165463359937,0.00264620786927959,30,1.3870604757571274,0.33674842042411346,0.028623479491020242
0,1,1,0,3,31,0.5431984630414296,0.06725491956116272,0.00374531892238475,31,0.4382759867208892,0.13376558925919102,0.0037755507681546236,21,1.3671831090954434,0.31856647039573965,0.038279427137093064
0,1,1,1,0,1618,0.5399984019862593,0.05223406409482903,0.0002589791361388209,1637,0.5133703399207185,0.10312813570605255,0.0002458868033776452,1605,1.2581585536919,0.27115056511927044,0.0015019238541880235
0,1,1,1,1,5414,0.5253655312445757,0.046330161139650265,0.00012081307158091544,5432,0.4933422282421887,0.09042267065364538,0.00010217376469565764,5410,1.1751801873140924,0.23186631032209615,0.0006233430284322943
0,1,1,1,2,6,0.5297149948622587,0.03271141164168635,0.0,7,0.466047831778435,0.12280506220414772,0.004038282439184645,6,1.3202721380179416,0.3628389784293442,0.0
0,1,1,1,3,1,0.5051618824253422,,0.0,1,0.4143717553267247,,0.0,1,1.4395805804082438,,0.0
0,1,1,2,0,1541,0.5657161145482877,0.05677722263673662,0.0004286086482236977,1604,0.5228510943902255,0.09772457775391433,0.00041886106838591306,1491,1.3943579613143078,0.3118225271946353,0.002784943605760976
0,1,1,2,1,6646,0.5488723374183008,0.05131166971145176,0.00016862505199963435,6713,0.509284921568929,0.08951298578348815,0.00015827880793145755,6559,1.3062126315532903,0.2709567018200865,0.00102936287143956
0,1,1,2,2,7,0.5702012444302051,0.044545023390235514,0.0,7,0.45451323490686313,0.06679202774515132,0.0,7,1.403011129122986,0.2681412602385795,0.0
0,1,2,0,0,1205,0.5472133458018917,0.05121419742506592,0.00041382934229070836,1217,0.5006703649920818,0.10372881679972695,0.000307734632843733,1142,1.3355535548378348,0.28988855732284585,0.0023773110624045585
0,1,2,0,1,3377,0.5454143008149452,0.05250928207790322,0.0002931225938840345,3433,0.48695652871812517,0.09646469976182663,0.00020587171898914174,3227,1.314562750960022,0.3048509290099618,0.0017662735948114783
0,1,2,0,2,14,0.5514360776241524,0.06195644169908114,0.005141550754249513,16,0.43454283801056925,0.14216665014333055,0.004010847425728443,11,1.2452478461424605,0.24618847262273283,0.03284040853593697
0,1,2,0,3,15,0.5530987105386499,0.06268643269681673,0.005786561298296512,14,0.4520184572067746,0.13933212501958303,0.004706226775540427,10,1.598630092229957,0.29114195370936186,0.036365928247448755
0,1,2,1,0,622,0.56191447805175,0.058068923255206566,0.0007976232240162945,658,0.48678205769745136,0.09574872710325122,0.000724914342112522,579,1.4019106298379738,0.31590317311463845,0.005114832961815459
0,1,2,1,1,2988,0.54627681576341,0.05410064605569842,0.0003633776961646611,3063,0.46351343319220767,0.08087357333598957,0.00028609638854335456,2894,1.3151345824420038,0.29255040260714077,0.002234564102035861
0,1,2,1,2,7,0.5645686204312,0.06698518887760878,0.0109794315544169,7,0.4106249724919832,0.15648570290093072,0.007453466510934902,7,1.534168627791339,0.45841491044767946,0.0651772217447861
0,1,2,2,0,303,0.5946550376158878,0.05828592042411142,0.0015537015374558268,387,0.45645966839062063,0.10193194971624937,0.0013938290939839988,254,1.5514717979000792,0.3117412838458259,0.0107489435911844
0,1,2,2,1,1493,0.5686333462247555,0.05435841198848878,0.000586144081170811,1546,0.4675071993900343,0.0798574151164049,0.0005070525055349018,1401,1.4395040971637685,0.30158586081318656,0.0038866415167260583
0,1,2,2,2,2,0.6467270496736914,0.041521016195911406,0.0163902365516454,1,0.421382151553835,,0.0,1,1.687411779072444,,0.0
0,2,0,0,0,1927,0.5360500337193709,0.06658767930920732,0.00022766690700155964,2017,0.5042709362378653,0.12429654420365673,0.00018404449606098568,1928,1.2108080933431198,0.3336832395185154,0.0011847051484898893
0,2,0,0,1,3399,0.5325641171645327,0.06502459881476287,0.00018263271766574571,3549,0.5023046464401189,0.1192626564903767,0.00014640043023154934,3387,1.186387667153202,0.3173986462300192,0.0008822417359049717
0,2,0,0,2,1153,0.540643270283496,0.06891275458520725,0.00026592887047330603,1226,0.5415175539636217,0.12533273932216712,0.00024299323416699794,1156,1.2317093766976321,0.3514647561499439,0.001540187548127367
0,2,0,0,3,671,0.5434886575554776,0.07125797406952035,0.00040364439982643795,711,0.5324885054374027,0.12627861000324261,0.00035919314413457006,667,1.2606603298035017,0.3699365304933845,0.002307843433523086
0,2,0,1,0,2543,0.5261380053257319,0.057689509454377584,7.239140587583735e-05,2582,0.5331573504063772,0.10158538072200321,7.499492077708452e-05,2540,1.1737879089144492,0.27703224628064843,0.0003650509226353072
0,2,0,1,1,6744,0.5209976009077721,0.05580440669601899,6.08009299418152e-05,6870,0.519828732553562,0.10221616562420915,6.0566647614481975e-05,6777,1.140140011698466,0.26851647036591825,0.000277491726774527
0,2,0,1,2,1703,0.5303859007182105,0.061378903306540944,4.918100601715462e-05,1711,0.5635691028539557,0.10576245768162178,3.575172100388284e-05,1703,1.1980970555139707,0.30210075688445864,0.00036392130050028987
0,2,0,1,3,750,0.529616435003468,0.06411308728794758,0.0,754,0.5548457743227831,0.1100159085215691,0.0,748,1.203008998394494,0.316626058354213,0.0
0,2,0,2,0,3028,0.526729754120581,0.055729213775627985,8.491250735290161e-05,3043,0.5434991673577059,0.0972226316791865,9.597037061517474e-05,3023,1.1853353558582498,0.2738116297165774,0.00048457300450948466
0,2,0,2,1,10368,0.5257881534498613,0.057046449516727035,3.0283176526002794e-05,10473,0.5429700591650417,0.09837799088285905,3.1904752624948676e-05,10420,1.1750406507083586,0.2768286505291999,0.00017195769899486468
0,2,0,2,2,2706,0.5260627037220315,0.05940107510072604,4.9662186539581247e-05,2721,0.5551153257384182,0.09843783849652858,5.1549500403255925e-05,2718,1.186127683167271,0.2901187883822748,0.00021634036670794993
0,2,0,2,3,1092,0.5244626100669061,0.06095384398804401,5.014935413519707e-05,1105,0.5505924433275696,0.10216371747831501,5.48016214549209e-05,1102,1.1802796828646247,0.3063763886298733,0.00034149186938369527
0,2,1,0,0,2316,0.5254030278794238,0.0489034408521715,0.00012923963358285772,2317,0.5151958659084241,0.1102301972450356,0.00010218528722436563,2325,1.172546867196869,0.24357705904174826,0.0006668868253262706
0,2,1,0,1,4313,0.5203142952055417,0.047740658965762586,0.00010454888102429776,4304,0.5065490461950766,0.10446681644617206,8.357510199136784e-05,4329,1.1463699677743229,0.23264978891829236,0.0004606661807648671
0,2,1,0,2,434,0.5233190047915194,0.05657879174736542,0.00020925209666065663,437,0.527864056725442,0.12050681897587777,0.00021668998858594818,436,1.1947396343716323,0.29082844548759623,0.0009966179217093596
0,2,1,0,3,279,0.5320846674131149,0.059524425008948716,0.00043991294495292124,276,0.5351400071324138,0.1218577468260223,0.0002513383900189548,270,1.2406914480015208,0.2987726881515676,0.0021446530470236496
0,2,1,1,0,3047,0.5285400812451364,0.04543042662747069,8.566303444107745e-05,3050,0.5184915607333823,0.09455405747332787,7.672723498828255e-05,3044,1.2158714453931105,0.23286728524722436,0.0005032770868511833
0,2,1,1,1,8712,0.5204715918458663,0.04546086548649141,5.270840974118928e-05,8753,0.5019657533678302,0.09279592993264078,4.342901380006269e-05,8739,1.1682311529180494,0.22959854143486608,0.00024245994318928356
0,2,1,1,2,999,0.539287952303358,0.04886645399173707,0.0001630607011248074,1001,0.5493685065981381,0.10498452802378296,0.00015190561509103112,986,1.2886197952574474,0.2623181280629436,0.0009795688601297785
0,2,1,1,3,433,0.5377612380953318,0.04902948782115032,0.0001396142009587108,435,0.5461344579030383,0.103825849050486,0.00018658062984218334,429,1.2953447217352498,0.25941526660113273,0.000783580308555634
0,2,1,2,0,2250,0.5403180982584577,0.05028996420657795,0.00019230249950586125,2279,0.5193767530848574,0.08808575340028967,0.00020688646049026933,2231,1.292080002680485,0.26990017891899964,0.00119851545501186
0,2,1,2,1,7341,0.5314560357346656,0.04807196971108594,8.497831340081185e-05,7385,0.5049160150808768,0.08957661313518463,7.981171130264595e-05,7316,1.2443291438022657,0.24994778078049093,0.0005130619049532611
0,2,1,2,2,1288,0.5459748183095001,0.04954832021829634,0.00021073260128526378,1303,0.5316255496375004,0.0936863598282842,0.00019124077529117912,1268,1.3391421076165526,0.2660027083378865,0.0012467742584422487
0,2,1,2,3,553,0.5486301493472547,0.05373248216076124,0.0003972009774796942,556,0.5225316353322309,0.09706857352052445,0.0003529081348693957,538,1.3674015853871118,0.2961833510781345,0.0027381718064178337
0,2,2,0,0,2061,0.5389690573759295,0.05023000441484704,0.00018258948476192682,2076,0.5101593284932667,0.10564121063910731,0.00013690865337517152,2019,1.296402416729149,0.2789529304905424,0.0009917169936299777
0,2,2,0,1,4383,0.5353421597637542,0.04933564681340135,0.0001349129121812488,4404,0.4985206025314636,0.10202471845787056,8.754096068391669e-05,4317,1.2789075711643054,0.27895055143164116,0.0007068976610361057
0,2,2,0,2,253,0.5396482100449176,0.06149413931564992,0.0007620028795599545,266,0.5064390049337947,0.1059877677611949,0.0005678109142660059,237,1.3567177608562158,0.3507283012411091,0.00479992992360805
0,2,2,0,3,182,0.5480701595062223,0.06392581443211827,0.001152680147229976,187,0.5125378451298325,0.11341974804820436,0.000763220211931892,158,1.4206852634393032,0.34578490012119883,0.008358524181534174
0,2,2,1,0,1354,0.5457549716251956,0.046041277494926994,0.00024921043955609067,1364,0.5097828545484484,0.09086823103315146,0.00021601470993332363,1319,1.3730151180115229,0.2695113140387183,0.0013528164899301606
0,2,2,1,1,4016,0.5374948155294662,0.0489222188246745,0.00014844451306073787,4054,0.4938925403102133,0.08954135551151846,0.00011096237010973673,3950,1.3167958804994964,0.28210617382338365,0.0008377461322594828
0,2,2,1,2,553,0.5594790475015103,0.05406080025679915,0.0005466439414457143,562,0.5251499987480955,0.10134748594810834,0.0004112378134046969,513,1.4728182821803328,0.3018863550720836,0.003486805921896991
0,2,2,1,3,267,0.5592205807635559,0.05220222419538751,0.0006238795709403774,276,0.5072294567909791,0.09778084602266753,0.0004910034908085308,246,1.458247274190207,0.28000227313649717,0.0040986464791888996
0,2,2,2,0,422,0.5608296813932165,0.05011287486407825,0.0007897695221521758,456,0.4953536023255081,0.08672768010843784,0.00073185926632102,403,1.4498694477990208,0.28806749902393164,0.004876955755021066
0,2,2,2,1,1704,0.5459572462761377,0.05037963234652522,0.00027344698670451616,1743,0.4826999741173076,0.08389654996089622,0.00026297523186297796,1638,1.369322917331006,0.28328087127949625,0.0016502284641874178
0,2,2,2,2,536,0.5720862005017675,0.05121489385830097,0.0006654819060377442,553,0.5127237400848534,0.10326813974695528,0.000500658565876877,497,1.5225295697879495,0.28986936522067974,0.004543064998999687
0,2,2,2,3,225,0.5686066562247473,0.04967844691257759,0.0009291196676726878,240,0.49494095465946397,0.09708817291841078,0.0007105228701381063,209,1.5311195671179554,0.30075560380819827,0.006174539768645976
1,0,0,0,0,54,0.5517124570693135,0.05546166948729635,0.0035523471022691944,59,0.489876260886197,0.1318047108597173,0.002808032481774798,54,1.309420158225711,0.30752939695154247,0.0196556924309899
1,0,0,0,1,90,0.5566108383063446,0.0798203778050927,0.0016060330642085916,96,0.4757767642598599,0.12646249160512754,0.0016147759114279383,86,1.3224310259360303,0.398551358538804,0.010965009930841907
1,0,0,1,0,33,0.5483012560293243,0.07667142443268354,0.004951525146700707,33,0.5424976459193711,0.1314551563295623,0.0052048031184826786,32,1.3689009722219878,0.40721737899295635,0.02099853741495749
1,0,0,1,1,19,0.5595021998661146,0.055674818107923,0.0028268109612633713,20,0.5110328603623016,0.14010195175173848,0.0007380370480526033,20,1.3519531865033518,0.35582955175054054,0.010743963231121544
1,0,0,2,0,28,0.5638432083482009,0.049675019563680346,0.0033001184937563243,30,0.5772185672034501,0.11372562821941916,0.005687697611231086,28,1.3370111798186293,0.29613668504425406,0.0226944930422999
1,0,0,2,1,23,0.5525221846722553,0.06226521333133188,0.0,23,0.5773054041779456,0.09036672046338697,0.0,23,1.3091652529725537,0.32619017939967987,0.0
1,0,1,0,0,302,0.5320691859333879,0.06283309403307552,0.0011711155626217991,309,0.5045832600323383,0.12130255639771984,0.001022139816438306,298,1.2352575481927954,0.3172414088717329,0.006649138177542455
1,0,1,0,1,450,0.5452487181692588,0.06587424558749828,0.0008029148093960934,462,0.5063052849728537,0.12969285911452538,0.0007064456874332777,431,1.306736210625757,0.33630447176300254,0.004630248661437651
1,0,1,1,0,105,0.5449868278216842,0.06285124333424122,0.0022333247997933787,107,0.5314241667685515,0.10335766408373058,0.0020367879797034997,101,1.3445028055974064,0.35269401908357156,0.01421076921779826
1,0,1,1,1,159,0.5295475588913761,0.06495928202407683,0.0012064707099305803,161,0.5053207427951663,0.10372419108290193,0.0011212080790065017,153,1.2917671041907537,0.33184184091701074,0.008177849856521393
1,0,1,2,0,74,0.5776347668890465,0.06075514410777208,0.002569974819003317,78,0.5028679919506711,0.12615311628858106,0.0031470947319513073,66,1.4243902578246352,0.3147381935726012,0.014333760796773358
1,0,1,2,1,93,0.5618423257795888,0.05858757489139186,0.002543707357106062,100,0.4892298893835422,0.10504910434954598,0.002554414235621432,89,1.3865904507672602,0.32255622939104606,0.01646664497338464
1,0,2,0,0,1111,0.5715457849620316,0.061249340317595484,0.000680888961817794,1224,0.5366066348260252,0.11050021294142254,0.0005789992012319797,848,1.50255538566385,0.3224340055449274,0.004671253621028186
1,0,2,0,1,2216,0.5610517755523456,0.06315956815582231,0.0004607756215573274,2377,0.5299044921033091,0.11687662568149626,0.0003747308952736419,1811,1.4829304106883892,0.33588423975508097,0.002945518819215305
1,0,2,1,0,235,0.5895076892110518,0.06485715044516412,0.002089027728436144,290,0.456262687994126,0.10530938003547403,0.001548089888773795,183,1.5449034367358145,0.3637591569568719,0.014748197609801351
1,0,2,1,1,577,0.5718832779971347,0.06784828146887018,0.0012969053389071921,692,0.45688747680619385,0.09387469967776021,0.000973593661143921,497,1.4985431054029463,0.3588212683833959,0.009006562002650145
1,0,2,2,0,103,0.5975497709259298,0.06375368259692575,0.0034999947593731015,139,0.43784514476949965,0.10289169579842541,0.0026806310005182345,87,1.5956123911335613,0.3414614909154965,0.02688052333069307
1,0,2,2,1,243,0.5949667642834073,0.0678515689617389,0.0023422684264015415,304,0.43194460924156847,0.08995442002257996,0.0017704616789396836,185,1.5172274893366193,0.334411903675113,0.016909605733783743
1,1,0,0,0,93,0.5454637762990507,0.06653689453404714,0.002461302458473503,95,0.49683755716775513,0.11514059689833231,0.0019942542542701197,93,1.2713842528932595,0.3584833611190963,0.01099299193623383
1,1,0,0,1,190,0.5247808754210047,0.06738020624827025,0.0013715700782337937,193,0.4855350103144358,0.11352090645987542,0.0010248036060223533,189,1.1755387466920877,0.33218995721785655,0.006743528094401945
1,1,0,0,2,15,0.5120156536784939,0.07158582031730025,0.0,16,0.40943738472124197,0.09075697565540163,0.0,14,1.0288620555508488,0.23167551857503643,0.0
1,1,0,0,3,10,0.5263924864078485,0.06361622653700844,0.0015696332639360323,12,0.5111518082267884,0.12136965108767739,0.005121728055157305,10,1.1523256161783766,0.2947509122148061,0.006356286596069749
1,1,0,1,0,109,0.5063478942456797,0.05988653047082376,0.0009878700481039658,113,0.5303413796191011,0.09421780742481926,0.0006340448046617403,112,1.0912556025054825,0.29584794080406657,0.004097022032573715
1,1,0,1,1,255,0.5107551295993135,0.05392534194806422,0.0004949831490339091,262,0.5259785833432284,0.10735000462914124,0.0004932585635399895,260,1.0834764078999506,0.2625834280418278,0.0023244156118683214
1,1,0,1,2,5,0.5447458852831857,0.04075541833594961,0.0,5,0.5177111071961438,0.15457760503359344,0.0,5,1.222861375521468,0.2219408140357655,0.0
1,1,0,2,0,128,0.5169967379707676,0.06150422417210189,0.0006034271934062209,128,0.5422710906178992,0.10117493889345842,0.0007016439083458318,130,1.1553168674271956,0.30999496192301834,0.0025659788220705067
1,1,0,2,1,268,0.5068370443642125,0.05376954817126436,0.0002876642722425195,274,0.5250061943798195,0.09516430401066553,0.0003990849776067684,272,1.0763379835045386,0.2540866362225934,0.0012174466268724188
1,1,0,2,2,1,0.5793782149532594,,0.0,1,0.5225249901796932,,0.0,1,1.3944463734283428,,0.0
1,1,1,0,0,416,0.5167487132462949,0.055053327922373115,0.000614184908661515,427,0.49766866303470464,0.10836515204237529,0.0005622833576865063,420,1.1297315664316947,0.27451245083877895,0.0027401028126146773
1,1,1,0,1,694,0.513292719364853,0.05377996504354798,0.0005482001471276203,707,0.49280482344001786,0.09698304031559267,0.00042101054653804,709,1.1169920932556978,0.27996808814388907,0.0024977276237048806
1,1,1,0,2,20,0.5211593198819529,0.05088490064710868,0.0,20,0.4382887521225595,0.08915694013950534,0.0,20,1.1276692885715278,0.25944599761261994,0.0
1,1,1,0,3,8,0.5177948774231121,0.08850012288546931,0.011116381238772082,8,0.39570531144693877,0.09423205989174524,0.011270961377530274,8,1.1511740705266154,0.4195985474965836,0.06387529994216441
1,1,1,1,0,321,0.5168302174145328,0.05707026870976096,0.000649448273041095,323,0.5078947739782537,0.1051634071966058,0.0004503964536488851,323,1.1581072526329919,0.28239539616566883,0.0025814336050802343
1,1,1,1,1,817,0.502171602722728,0.050996250183364525,0.0003188421926470807,831,0.4858619589994519,0.09268453925333495,0.00027223082527448003,833,1.0694645787106922,0.2444826728173795,0.0012567488255691036
1,1,1,1,2,3,0.5805509615035979,0.030925060183724432,0.0,3,0.4125124213870747,0.003302696427861952,0.0,3,1.4244119390010812,0.19554136937707425,0.0
1,1,1,1,3,1,0.600198153368596,,0.04175524451456425,1,0.5019174197441758,,0.05133474149993411,1,1.5366600907033954,,0.2539114142864658
1,1,1,2,0,280,0.5290706625667815,0.061174517965552504,0.0007449387356261746,289,0.5093764797228154,0.10274506711634451,0.0008223096465832805,275,1.2105596467487356,0.3154542487129876,0.003791501445713504
1,1,1,2,1,574,0.5106534189302547,0.05469359029926953,0.00037291113075096395,587,0.49295063789731614,0.09897780560686237,0.00035472052122683697,578,1.1179101737671777,0.26722907595073814,0.001560710276124213
1,1,2,0,0,1546,0.5396602912035164,0.060456834194271836,0.0004091087539999054,1597,0.48819937908140365,0.09581783605625886,0.00031904975978146806,1399,1.320588361114584,0.3620876343523081,0.002247077381787254
1,1,2,0,1,3234,0.5289274121810521,0.061352384480470284,0.0003112521496278013,3329,0.4736421769649142,0.09210860276153711,0.0002094411745758121,2992,1.2568001487854594,0.34925676043291154,0.0016490949110093192
1,1,2,0,2,11,0.5421139627694953,0.04915300237613104,0.005276742212783698,11,0.42759198431721274,0.0977683401929661,0.004454955969518094,11,1.2443017899104203,0.25213204190596084,0.029699904273312525
1,1,2,0,3,4,0.5217424204440796,0.062014716898687476,0.01232742737629077,5,0.35690476492865364,0.08595796837615956,0.00940714242148109,4,1.185638203942721,0.22629535096341738,0.06388588030616373
1,1,2,1,0,597,0.5470228990869935,0.06247462960587816,0.0007037619500575183,646,0.46822107376854605,0.10174231892815581,0.0005738127744559264,568,1.3441299856856332,0.3566280003532125,0.004329756167890315
1,1,2,1,1,1715,0.5317830406743147,0.0605838946899146,0.0004394083671889647,1786,0.4498600550989358,0.08980766120419158,0.0003248319840304464,1661,1.256590331779274,0.3230988479844468,0.002623109112205076
1,1,2,1,2,1,0.591871069106338,,0.02738132490994294,1,0.4113886745794373,,0.020349995314080216,1,1.5237898684314164,,0.18162166894120602
1,1,2,1,3,1,0.5471579051980174,,0.0,1,0.4498976234595944,,0.0,1,1.2722046297110714,,0.0
1,1,2,2,0,269,0.5647559652998074,0.07067003527594974,0.0012364360488010063,293,0.46015020412182434,0.09389839101267507,0.0011718211989821584,232,1.3929645973901634,0.3683712818923964,0.0076758481372157465
1,1,2,2,1,590,0.5459419410594207,0.0641377243076986,0.0007411417609164801,614,0.44997039383678283,0.08927774745048894,0.0006492272855593132,547,1.3388817664969186,0.3461254937727813,0.004504046808447565
1,1,2,2,2,1,0.6337420295605772,,0.0,1,0.3962083861053618,,0.0,1,1.7934173692448696,,0.0
1,2,0,0,0,280,0.5352734636647084,0.0676989807633446,0.0007002564387454011,300,0.4803071741941262,0.11743549421736726,0.0006782177580286839,282,1.1936198770526358,0.3298806504889337,0.003258375937047453
1,2,0,0,1,435,0.5289140895504293,0.06883646386165877,0.0006280733717600372,449,0.48524480690595806,0.11779442702351818,0.00038755811277338794,433,1.1800042122183267,0.34207885540094013,0.003201292009912387
1,2,0,0,2,390,0.5391919532895535,0.0682355234427079,0.000480961611715862,408,0.5200631758404332,0.12438676061314613,0.00043114339111269777,386,1.232371284266721,0.3374967153325719,0.0023259556028971356
1,2,0,0,3,175,0.5415910961495587,0.07072521170335982,0.0008658463188305294,187,0.5165385045844524,0.13206094266845653,0.0007704746123044408,173,1.2562895020627625,0.34747356144081964,0.005696181495547853
1,2,0,1,0,452,0.5188103154749182,0.05871174454667135,0.0004135717653230526,464,0.513322625890392,0.10471244312130822,0.0003545829902930539,454,1.1333756005816298,0.27981327606127815,0.0017929757820533169
1,2,0,1,1,707,0.5161049679326091,0.06127101503117898,0.00023470661396950666,722,0.5119348207459407,0.1026400672089077,0.00027067710609722376,721,1.1166530361082307,0.29898011441637884,0.0009565111544378297
1,2,0,1,2,536,0.5318157173920823,0.0650467325289904,0.0002885986082437425,534,0.5474204041893005,0.11246085979606649,0.00021257753024388302,532,1.2066028606473251,0.3206729198267995,0.0016484677826373716
1,2,0,1,3,205,0.5294382641420404,0.06274508536679792,0.0003104483301052077,209,0.5366778063560863,0.11368246806480928,0.0004699049610732717,208,1.2070742935854846,0.3201851854108152,0.001647955348157934
1,2,0,2,0,578,0.5146208601557744,0.05722257436069783,0.00017003698185442693,587,0.5319827780032003,0.09523571355610216,0.0001336669995834695,584,1.1150801474575835,0.270515497086907,0.0006133544638373652
1,2,0,2,1,945,0.510794652842451,0.05953129458300971,0.00021074245701514058,965,0.520982015630181,0.09903491173746456,0.0002058854092789937,963,1.100591010573714,0.2825734647041607,0.0010004455762172325
1,2,0,2,2,471,0.5197281688684537,0.0616527561506523,0.00013172115442223643,481,0.5329774172241671,0.10992068041200298,0.00010565082488475792,474,1.1603920231574287,0.29986572998783667,0.000654043495117855
1,2,0,2,3,230,0.5269690284791358,0.06731849175505167,0.0003261838881631179,236,0.5332851720885402,0.10450041206643512,0.0003956771148638296,228,1.2039686122266617,0.3222213933303011,0.002343231141023112
1,2,1,0,0,626,0.5102351331296557,0.05107482864259025,0.00041488399650056843,632,0.49565761441756023,0.10731037723976548,0.0003694654887776292,633,1.105636634732193,0.2426595936487803,0.0018654493956257142
1,2,1,0,1,1178,0.5058145018687094,0.050497249982433275,0.00030481446390414674,1191,0.48957578857880407,0.10452482032869267,0.00021320819423027414,1199,1.0795082916386252,0.23925613933485382,0.0012700806561734643
1,2,1,0,2,335,0.5264896094836122,0.05667820393926834,0.0006013155309883136,333,0.5367064405793593,0.11498176475136428,0.000614578783104418,336,1.1803760024303966,0.2877541526628849,0.0032200175477355313
1,2,1,0,3,178,0.5175497283187267,0.062067425453638074,0.0008342746946392051,177,0.5252963537990657,0.12527395059569735,0.0005916168731814719,179,1.1431911376215516,0.2950662694087967,0.003669793248554988
1,2,1,1,0,890,0.5122518207128501,0.051029665669830734,0.00019189043653305434,896,0.5085107643822676,0.09649178441777474,0.0001656004163457683,893,1.1375667308077861,0.24456685729824218,0.0008495737684198928
1,2,1,1,1,1752,0.5039905498673508,0.05016340195168275,0.00017193660028847163,1775,0.48912608395282264,0.09575371890064938,0.00014077254946103914,1776,1.0950271797884117,0.24417042050567744,0.0006624304711853345
1,2,1,1,2,629,0.5256038448883128,0.05483740249149044,0.00028186528698279263,633,0.5540649582183659,0.10756519553283436,0.00025290374068434384,636,1.2147158025932006,0.28622361570786564,0.0017322204483001373
1,2,1,1,3,331,0.5290493892507746,0.05296250699009375,0.0003298537388658751,330,0.5549159173166848,0.11028163276031056,0.0003987327109565042,333,1.244865492683126,0.28622238316025506,0.0016791899331275407
1,2,1,2,0,745,0.5184028524521963,0.05172841632842463,0.0003222197965316865,752,0.5111234796489811,0.08581010563977334,0.00029063467940822815,744,1.1699220663608543,0.2632748522044771,0.0013504725461488448
1,2,1,2,1,1251,0.5121782681327698,0.051829203006997136,0.00014931877553019888,1272,0.49276182609939434,0.09187488311125865,0.00013959432228996185,1266,1.1467337624713514,0.2648055370400126,0.0006861861894170143
1,2,1,2,2,528,0.522335218957286,0.0501582965124412,0.0001916445929705634,530,0.5405940929322319,0.09774439739341179,0.0001988467182332699,532,1.2174701876997243,0.2630517020482552,0.0009773819377589107
1,2,1,2,3,273,0.5175453722493126,0.05503690821509206,0.00020003005197073823,275,0.5275545540407902,0.09928968019171884,0.00033755328118223373,271,1.1986821037126334,0.2633471742934603,0.0006785416754815574
1,2,2,0,0,2078,0.5343303394064249,0.06018491484029226,0.0002555229327128355,2135,0.5058976308643399,0.10038696014924983,0.00016668178962706562,1916,1.2878186345099913,0.3422324740478527,0.0012627572468399512
1,2,2,0,1,4727,0.5282402838329286,0.057669447518998454,0.00016306029360413853,4823,0.48674898218497387,0.09678512975772503,0.00011078115816247304,4552,1.2726028208971418,0.33065688642768226,0.0008169063509539679
1,2,2,0,2,531,0.5365459051933373,0.059321120343410604,0.0005068440492100498,561,0.5034952171699767,0.10582266886038494,0.00039363451210140834,510,1.281746064037165,0.3201811987761919,0.002573569894893218
1,2,2,0,3,280,0.5366676801860389,0.07174048077804997,0.0008176589655580941,300,0.5097686313109662,0.10590116910447366,0.0006636883556410862,258,1.284984713286945,0.3521407142983576,0.00475490981880005
1,2,2,1,0,1226,0.5362719521639004,0.05802038729611336,0.00030373979890550916,1259,0.5018926970701252,0.09037247569598264,0.00024825888559436033,1173,1.3340426034642436,0.33688887718991845,0.0017488205910541044
1,2,2,1,1,2923,0.5284882827663984,0.058587422148972786,0.00017934654777011186,2981,0.48585198105179295,0.09131725997802491,0.00013979790926849423,2816,1.2903923049966206,0.333662090068172,0.000932273868517648
1,2,2,1,2,1024,0.5402759256406505,0.05837591240240245,0.0003107162968119112,1051,0.5142762417563436,0.09628326605477729,0.0002463541154022427,978,1.346175307808484,0.3008900343970115,0.0018455556962403978
1,2,2,1,3,434,0.5369606025572634,0.060534633155586354,0.0005183476346556622,452,0.503976739916811,0.09864820371685473,0.00045034162810582765,417,1.3488919079736257,0.3174236458535889,0.003227180873184623
1,2,2,2,0,464,0.5348071892973075,0.05968493114712437,0.0005668490396474773,478,0.4954944833003074,0.08307844941675985,0.000580502887820922,449,1.302766800715558,0.33248303530579654,0.003470561648362549
1,2,2,2,1,961,0.5298105354914078,0.056736022386192755,0.00036588552126181175,984,0.48144712377991317,0.08359340551215079,0.00030232162121452034,929,1.287588930038548,0.31731215569132804,0.0020022410302210293
1,2,2,2,2,561,0.5501638370365468,0.053205340618019376,0.0005072799722047171,579,0.5112967512498618,0.09239474723309953,0.00044208526207078374,536,1.419249331356448,0.3006751648424246,0.003082867579999468
1,2,2,2,3,239,0.556035251653938,0.06352477437309978,0.0008664666146804725,253,0.4921185784479746,0.09866446239560535,0.0007232102351524622,214,1.4199033585465115,0.32456133517598396,0.00574866802617163
2,0,2,0,0,412,0.601292008972912,0.05898352658340304,0.0014435914566121365,511,0.5662198176601239,0.1130252884023191,0.0011904665216367297,313,1.6250167294049274,0.32484395253334064,0.010928553491995147
2,0,2,0,1,521,0.6011387038797149,0.058552930477281745,0.001227717822832014,694,0.5638617320401179,0.11607860201916846,0.0010779075987630085,367,1.642990451101436,0.3359321101834358,0.01008156297950304
2,0,2,1,0,68,0.6185107163976992,0.04829078402871645,0.00429705345757698,101,0.5147042906266472,0.09682895446884715,0.003301002199360986,52,1.6829318259388157,0.27659223910744707,0.03246269466658948
2,0,2,1,1,112,0.6195986467145406,0.0513334767296368,0.0033612402034559857,174,0.5064271851538827,0.10987944196863565,0.002728137692660255,81,1.727778893925751,0.29788624176154416,0.02822542334214422
2,0,2,2,0,33,0.6305764067812687,0.04392268514853408,0.007887656494436604,41,0.49725380278722076,0.08932302959629347,0.005725780252024875,24,1.6916534466356064,0.22466578841788423,0.05698534533792754
2,0,2,2,1,65,0.629394879778246,0.04317926953297918,0.00522697894311142,76,0.45752355017521384,0.09148041301203402,0.003925408035205694,46,1.7540814657340997,0.22961227920566898,0.04323860332904315
2,1,2,0,0,243,0.5896210837169065,0.05068122442405125,0.0013912043941130756,268,0.5478039693721578,0.09707215709774906,0.0012587994975430978,209,1.5300229894884116,0.294323185248195,0.010295576846350282
2,1,2,0,1,345,0.581159507914269,0.05344328327782261,0.0012297131196664798,373,0.5265411605037866,0.1155813912221149,0.000962246436354445,287,1.4564198783409756,0.2984495722473624,0.008693236502171704
2,1,2,1,0,68,0.6031466139120919,0.04755557116388092,0.0038589380064011193,101,0.4819108053678225,0.09095708112660505,0.003138068591329269,60,1.583770826156427,0.282691714178523,0.027504956529313465
2,1,2,1,1,106,0.5937630281604203,0.05772620575045464,0.003074726171734671,128,0.45218690288983693,0.08272268175878139,0.0022159106617023333,92,1.5171408036727259,0.3126095238687094,0.02189223694076265
2,1,2,2,0,21,0.6146313210521004,0.0447666654940228,0.006617820006443991,31,0.4624639190103404,0.08091375875481334,0.005162241736618583,18,1.6543874347540837,0.2529602170588896,0.05316277211528344
2,1,2,2,1,49,0.61489331332922,0.05712428725989999,0.005594463866213572,62,0.43312434072211764,0.05934803503539258,0.004325336128039584,37,1.630696957755567,0.3287169057794272,0.040141409296464134
2,2,2,0,0,79,0.559149488720792,0.04646908694062899,0.0018086276304328235,85,0.5448471814553402,0.11060679799555467,0.0017294916422987835,75,1.3559578340949157,0.24866252996341767,0.012108460114736434
2,2,2,0,1,111,0.5661570901733424,0.06342408298224587,0.001510419922830846,112,0.5279380712244671,0.10991446640132424,0.0010293339153539104,96,1.3809890806554954,0.34832321468964667,0.010440142477348624
2,2,2,0,2,69,0.5700998047526181,0.06207829691187931,0.001389611552573157,70,0.5057675529267643,0.10753340372554981,0.0009270134890210042,33,1.4949695732457198,0.3346774278071555,0.009133225227832905
2,2,2,0,3,54,0.5646736543555877,0.05198317579578353,0.0019353167444583817,57,0.5200567066283432,0.10396255141266936,0.0019675993433918315,35,1.6401789465688048,0.32356497760010305,0.018835933237718514
2,2,2,1,0,26,0.5944073764596008,0.05890933024038362,0.006470114499908097,31,0.5008603697125493,0.07464940910341174,0.004359009769027565,22,1.5071135351692364,0.2815438755799685,0.04150671025662604
2,2,2,1,1,64,0.5553881499798713,0.05252401499455893,0.002162030808372906,67,0.5051240739384896,0.09246218276812838,0.0021581260396393016,62,1.3479679856225868,0.2967766791294778,0.014351111407953287
2,2,2,1,2,61,0.575785494317129,0.05293105386972855,0.0008292783112694849,61,0.5277435003955809,0.09041484313962521,0.0007285259577818409,35,1.5744008816023574,0.27759909425505475,0.00706119078538595
2,2,2,1,3,38,0.5762050279557925,0.055464079187382775,0.0,38,0.5565181780597056,0.07708266107520624,0.0,25,1.6085836507085178,0.32189905356590715,0.0
2,2,2,2,0,17,0.59808368318185,0.060898704145628604,0.0073822077261312645,17,0.42868644394976246,0.1030300856012731,0.006523174695462823,17,1.6720496090001653,0.3804841391490484,0.05520786143959975
2,2,2,2,1,31,0.5597197291707848,0.060543300957454166,0.004102624453203085,35,0.45264831703080854,0.0797794829637142,0.003997671384202434,28,1.35225511099293,0.300874365341238,0.02800487101014525
2,2,2,2,2,33,0.5936508400508469,0.04559270545782653,0.0,33,0.5695552652490322,0.07290398577813448,0.0,21,1.673425264654445,0.2773573514524308,0.00968679615597632
2,2,2,2,3,22,0.5636604314377324,0.04518050583082952,0.0,22,0.5427925653864226,0.09297016976808326,0.0,18,1.599099400339565,0.28387117135672457,0.0
3,0,2,0,0,498,0.591175229019866,0.06030511649336252,0.001008706935900299,620,0.582951914120407,0.11170819132497735,0.0008540932597431054,349,1.6274165259584907,0.3308521976967489,0.007827325375148573
3,0,2,0,1,503,0.5927150704599302,0.06094881642439521,0.0010346486791522357,621,0.5773553720869379,0.1154996868200784,0.0009114929018306304,325,1.6206798611117403,0.31062930650023063,0.008001099290646019
3,0,2,1,0,37,0.5819174263371167,0.05213332528841558,0.00430949768910357,43,0.5017699519279828,0.11028371985630318,0.003706531872000987,36,1.635402427839475,0.28612783409138004,0.03103654022364945
3,0,2,1,1,39,0.6102192140091293,0.052720033580659964,0.005249894179545909,48,0.5112462803472257,0.11009773973318798,0.00433732059603119,31,1.778986404287124,0.3103149871514412,0.042756681802186954
3,0,2,2,0,18,0.6123822850108035,0.06041665688553035,0.007884649632276485,26,0.41249914622557043,0.10645276144155641,0.004722662770738329,14,1.6053628424490918,0.26326652318473864,0.051635923256036095
3,0,2,2,1,23,0.6204841999118729,0.04264764436691188,0.008445184069100033,29,0.4158649926001756,0.09371181973121256,0.006034861229847792,19,1.7683642603208183,0.22165175251741642,0.06992357266759729
3,1,2,0,0,178,0.5778954598440301,0.060255752928039495,0.0011911134334405334,207,0.5677241084770417,0.1141713975919649,0.0011327697003844586,130,1.441676248101533,0.34512783659318674,0.008054104183017299
3,1,2,0,1,194,0.5703739113822037,0.05541047392082151,0.0011336827261511136,213,0.5344986515214337,0.10544775459729994,0.0011228030349116497,147,1.4231292944197271,0.3441812156352989,0.008423116439948348
3,1,2,1,0,31,0.5794813086494548,0.07332550014655145,0.004710861590085668,46,0.4633039301442377,0.11511353455907139,0.003920916727823315,26,1.436001367693515,0.3512579499382732,0.031501310827688984
3,1,2,1,1,46,0.5734688019878622,0.06483028338446259,0.004191082182098213,54,0.45890449481691536,0.09372461441997525,0.003341761278844696,36,1.42531931034354,0.36463686865823114,0.030643600756648334
3,1,2,2,0,15,0.5855728309692873,0.06672404746168026,0.00881065977838078,30,0.41463980084533036,0.11241770712865112,0.005728154441232558,13,1.5210647322774535,0.36524136087663567,0.061670359993208926
3,1,2,2,1,45,0.5826422239220719,0.057819678364317915,0.0032328225366143005,47,0.3986700762279116,0.07364326430302275,0.0026734309754860132,37,1.567515196096913,0.3357966632750852,0.02794423171655066
3,2,2,0,0,127,0.556600695359242,0.05411226604778625,0.0011187700398792423,137,0.5502038116682798,0.09633269601098411,0.0007736798582636013,113,1.434176419644126,0.3276665136056141,0.007317133293284415
3,2,2,0,1,111,0.5596378991353191,0.05800092659686503,0.0011197825871009676,112,0.549383819228656,0.09898589242720167,0.0008457322761080093,89,1.3867231414341616,0.30817197847806954,0.007052823128159768
3,2,2,0,2,75,0.5578835683531645,0.07422067560793894,0.0013919645980391962,90,0.5031845498155179,0.11016108689524898,0.0016880632101127135,50,1.443373793475911,0.3500497474152385,0.009893053032167577
3,2,2,0,3,62,0.5654231422892712,0.06646275142923098,0.0016555182705348165,65,0.5130236943280211,0.11191885704259787,0.0010268644813942406,40,1.5572461289607,0.364600238066284,0.018092538930809747
3,2,2,1,0,52,0.5352399021391546,0.065386151214572,0.002208131099396624,55,0.5048851812339825,0.10067568890583307,0.001235487921471976,49,1.2324729600442452,0.320650809831276,0.005965010638968816
3,2,2,1,1,51,0.5401207106416409,0.06149055535777555,0.0020363085608525074,52,0.4783360209775141,0.08220654221442687,0.001909589492155188,49,1.2979840093808606,0.34696029867781253,0.012736537416588973
3,2,2,1,2,66,0.5533703615994917,0.062070379203080284,0.0007064335514772533,69,0.5119422259136125,0.09316544144817832,0.0009462252900338496,48,1.4881403063685505,0.37249498870371583,0.006538299142937926
3,2,2,1,3,63,0.5566171362218405,0.06981823589407034,0.0009942723871308563,63,0.529812596280944,0.08884320550433993,0.0005687575763277321,47,1.473486031362089,0.3414578534479531,0.007490379699083382
3,2,2,2,0,26,0.504038886650082,0.0622995632879386,0.003820203338373691,28,0.4406214475807446,0.07627246099300378,0.002767620960019754,25,1.1342057758723676,0.23461197249210228,0.01559850394844118
3,2,2,2,1,46,0.5155032746350665,0.052908696420308036,0.0018022877518464684,48,0.45330632975701995,0.07088013647855658,0.0013473691783506597,45,1.1584544585979493,0.22313223278363278,0.008436480173453748
3,2,2,2,2,25,0.5738062549202352,0.059395650418484575,0.001764646604020232,25,0.5131080742925448,0.09088288380342821,0.0007094626589688114,17,1.649705729953441,0.3346520287061854,0.013748013211903573
3,2,2,2,3,22,0.5337406725973642,0.056514219630120634,0.0,23,0.5119138450080287,0.08463281813564115,0.0019299842734693516,21,1.4915584443755894,0.30598040272850924,0.0
4,0,0,0,0,1,0.6157829166864588,,0.0,1,0.7184839041016656,,0.0,1,1.6158942692845353,,0.0
4,0,0,0,1,1,0.4932075319439392,,0.0,2,0.4363527210361816,0.24177119931961727,0.0,1,1.029403476608728,,0.0
4,0,0,0,2,2,0.5738146944139308,0.02323223305279162,0.0,3,0.43062831941910146,0.10497447725657784,0.0,1,1.9018515920415504,,0.0
4,0,0,0,3,6,0.5933124466630552,0.08153726687648813,0.0,7,0.3581082866636197,0.14932223123377258,0.0,4,1.4987659316913544,0.2966366023050525,0.0
4,0,0,1,1,1,0.5263167347183505,,0.0,2,0.6366062680812534,0.13918882615305378,0.02702723937317253,1,1.6100358928543144,,0.0
4,0,0,1,3,1,0.487223555124171,,0.0,1,0.434318862818372,,0.0,1,1.742202880670376,,0.0
4,0,0,2,0,1,0.6152810091999084,,0.0,2,0.5644505012011329,0.1587325842035757,0.0,1,1.7842627583304338,,0.0
4,0,0,2,1,1,0.5653659212775254,,0.0,1,0.683254564227407,,0.0,1,1.4626623287274787,,0.0
4,0,0,2,2,1,0.5447500052617027,,0.0,1,0.3904835599088822,,0.0,1,1.903176324408039,,0.0
4,0,1,0,0,1,0.5736523880426746,,0.0,1,0.7442330904025426,,0.0,1,1.4920255322121585,,0.0
4,0,1,0,3,3,0.618747419027699,0.08713251408935098,0.0,4,0.2906679552696482,0.01611350170233805,0.0,1,1.9909988973003387,,0.0
4,0,1,2,2,3,0.5288600432963628,0.03561318763517582,0.04138546358548205,2,0.3589800413989169,0.18955149491046247,0.02013415002812699,2,1.8038603926971981,0.0037483355601978584,0.2492184898934372
4,0,2,0,0,24,0.6291702919620977,0.0725285136479967,0.005421076929311048,58,0.36905087944439796,0.11121300104937333,0.003730656844059979,3,1.6968368495151278,0.18799346759974336,0.14156409083431626
4,0,2,0,1,40,0.6201151759383791,0.06915009221606898,0.004108232582332046,82,0.43402680140043626,0.1304552415776654,0.0032543789787800375,3,1.3160125938907492,0.5537448930727739,0.07331027023719731
4,0,2,0,3,14,0.5784415420873571,0.057003358847923534,0.01134522172188197,27,0.36906124242031524,0.09374990517938604,0.007731505694992911,2,1.9323556531988444,0.07410229237968177,0.0
4,1,0,0,1,1,0.4658430333371571,,0.0,1,0.5912119551395825,,0.0,1,0.9224984083846448,,0.0
4,1,0,0,2,4,0.62833044068627,0.10243869195453824,0.0,5,0.441847010143867,0.06706689651913235,0.010526315789473707,1,2.0389995640556857,,0.0
4,1,0,0,3,12,0.5871162548985306,0.07679587098505558,0.003800384314224877,17,0.4224326480011408,0.16617972474451442,0.0018975332068311228,3,1.2602850771509353,0.1592267904447374,0.0
4,1,0,2,2,1,0.5157674222279272,,0.0,1,0.5302223796187795,,0.0,1,1.2296877877843768,,0.0
4,1,0,2,3,1,0.5247666262853988,,0.0,1,0.4419620740161482,,0.0,1,1.852269169019113,,0.0
4,1,1,0,3,8,0.5706687226208181,0.07090433439274235,0.00631457825983793,11,0.3538598166234594,0.10555058484981668,0.0033670033670033543,3,1.6139375042245756,0.28905959692329314,0.0
4,1,1,1,0,3,0.5417509694129562,0.07193341488868255,0.007936511094435975,3,0.42175693149107585,0.09174728241882472,0.007416891697928918,1,1.3621934884228422,,0.0
4,1,1,2,1,13,0.5570425115839128,0.05988075571937776,0.002236157500340922,13,0.4388885597401335,0.1430407947026347,0.00337851344948473,3,1.607731335915325,0.4746174764334668,0.0
4,1,2,0,0,15,0.6055144621592826,0.07231838347677622,0.006016875848596708,21,0.4355545257754508,0.11094881890435325,0.004642385637619632,2,1.3893002981497882,0.6377906027011453,0.049442540433651205
4,1,2,0,1,49,0.5894919874078195,0.0724838276014268,0.0027396668830038415,63,0.43654331729045753,0.13356612985798946,0.00256630297918584,9,1.7699733398682536,0.40299786397148185,0.027328877072421695
4,1,2,0,3,27,0.5796125759810601,0.06605460293039654,0.006895555394078926,23,0.3054519145302556,0.049205719784442215,0.005357963646302245,1,1.8388198525663493,,0.0
4,1,2,1,1,19,0.5984316348555083,0.04199884035012446,0.0034968335455332726,26,0.45279990066642095,0.12037484852915446,0.0034662024042311453,1,2.096070348041324,,0.0
4,1,2,2,1,15,0.5868705401472349,0.07643261339309565,0.004369926356051124,19,0.408332157369048,0.11038596691094063,0.004328239648857244,1,2.03387950579636,,0.0
4,2,0,0,2,8,0.552539594419414,0.07247228798725501,0.005179502136904587,13,0.44658854393974706,0.16091448672918135,0.0021035515276736595,5,1.4251916268378397,0.23196432267546216,0.0
4,2,0,0,3,25,0.5897307351464455,0.08678115838632895,0.002058078680576203,33,0.44012918637991877,0.13848223613573635,0.004997959773295385,12,1.636186330438677,0.3367232329004699,0.07116377606725849
4,2,0,1,2,2,0.5067683013862311,0.03438707225915849,0.0,3,0.5109038628274473,0.16637062183173076,0.0,1,2.1182117089157555,,0.0
4,2,0,1,3,3,0.5602324243029345,0.08955573960025288,0.021157409152816126,3,0.46303915439506027,0.1792328209063419,0.0,2,1.8635474664940381,0.11075307715316657,0.0
4,2,0,2,1,1,0.4187556558074437,,0.0,1,0.4549696911582138,,0.0,1,1.488983460716786,,0.0
4,2,0,2,2,3,0.5553853894560289,0.0947802880922465,0.0,4,0.3939867623327071,0.10263138872343999,0.0,1,1.6751839077213124,,0.0
4,2,0,2,3,6,0.5259661176109957,0.0863988511575508,0.0039865836995887265,5,0.4560816628971427,0.16923364697397625,0.0,1,1.411882159026768,,0.0
4,2,1,0,2,12,0.620675187486264,0.07347919801054709,0.00456574057233222,10,0.3748291364755193,0.1163648762985412,0.004955199762052049,2,1.5914763981933029,0.12960053605697455,0.0
4,2,1,0,3,26,0.6078061906093597,0.06692853775311632,0.005687140136904766,42,0.39274463034074275,0.1259222525240207,0.004233408008889732,5,1.9357956832296577,0.12122332187383639,0.0
4,2,1,1,1,3,0.5505547291780738,0.06479066920817292,0.0,3,0.496322293467037,0.11909469943137305,0.0,2,2.0363804604433904,0.19836959859875897,0.0
4,2,1,1,2,5,0.5600058451117021,0.08635708455948629,0.016774651867298318,4,0.5488466975447922,0.18701479159769227,0.0,1,1.5348583685171815,,0.0
4,2,1,1,3,4,0.5960151639060687,0.07242046524256776,0.0,6,0.5754886967119565,0.11732302792212243,0.012872239370452529,2,2.011696016035437,0.2092964698435675,0.0
4,2,1,2,1,14,0.5326026894861613,0.05437253016521278,0.0011505356089526661,14,0.43159324628096823,0.0831074257287844,0.0016036476636411754,5,1.9013676406398106,0.18133121956214257,0.0
4,2,1,2,3,8,0.5688713520998748,0.08547755743236987,0.007782417677710181,6,0.3947920773970084,0.11009856215328963,0.010685626947845394,1,1.873436978658696,,0.0
4,2,2,0,1,29,0.6052657709578584,0.07431175319952987,0.0025717552486536517,31,0.45457169208350845,0.11576122838387823,0.0024517482623809994,6,1.8303818892281611,0.2577877419040592,0.0
4,2,2,0,2,83,0.5693265478194507,0.07285542313505912,0.0033286507027524056,81,0.3823595306241612,0.11572943911175673,0.0025671297931400623,16,1.759165161086527,0.2701393415693696,0.05915067603833169
4,2,2,0,3,116,0.5763844910316197,0.0739185603593078,0.002760842965886742,114,0.3923002605454553,0.11405000126254763,0.0017177625382769164,9,1.6548968820505896,0.34412827058904805,0.06678444095875544
4,2,2,1,1,23,0.5758884543511105,0.06266919977190911,0.003307667926463298,21,0.46769272931152067,0.12427240398297332,0.0,4,1.9647693528624308,0.24561571189563589,0.0
4,2,2,1,2,16,0.5706579976606628,0.06677586256433846,0.007018692649951071,16,0.3348883081325079,0.08410435750660133,0.005765520522158382,2,1.871438734394921,0.006675959087018374,0.0
4,2,2,1,3,20,0.5831709837426678,0.08035393955770688,0.005401877169450606,20,0.354922286508506,0.1207757164109489,0.004666091419974821,3,1.7430137212510262,0.1677315140852235,0.13754782971546678
4,2,2,2,1,12,0.5597524860265789,0.05871172088680358,0.0022637827606107144,13,0.43705110457484775,0.09161330927013889,0.003189258669851608,2,2.060943644502678,0.07284382410819115,0.0
4,2,2,2,2,8,0.5589489327851341,0.06369407689186003,0.008711275880982791,7,0.36591616030581614,0.11712442195740409,0.00559873269686822,2,1.1956475311957642,0.5277704552285817,0.13152560409431285
4,2,2,2,3,10,0.6153683535452787,0.04264300925407861,0.00970074816670047,10,0.4776297728373192,0.10322462007434592,0.008221727751267649,2,1.9398179394352892,0.17752760285896207,0.0
5,0,1,1,0,1,0.5784580778468004,,0.0,1,0.5749854294091489,,0.0,1,1.611177271017234,,0.0
5,0,1,2,1,1,0.5826604148038003,,0.07296478542009632,1,0.4435836272245005,,0.08154290306425471,1,1.732296646631476,,0.44548712763295106
5,0,2,0,1,38,0.6143276085850197,0.04914805147780535,0.003995762369813311,68,0.48877144142156864,0.15423953510939492,0.0032876063179829783,8,1.9527921385933578,0.1701673039673519,0.048967547948349226
5,1,2,0,0,43,0.6116422368228225,0.05110463592980112,0.0031058237489623008,61,0.3868368718427234,0.10770063445597694,0.003033823336173247,1,2.054733362837275,,0.17615291716359005
5,1,2,0,1,62,0.600873150689253,0.05493153464831841,0.0032577944192734958,87,0.41749077031087223,0.11624820815973949,0.0024594942897603815,2,1.7250576810727378,0.2434289421770592,0.0
5,1,2,1,0,10,0.5936061600281068,0.07298022889345948,0.007878502979333398,12,0.5320823749209542,0.09568255232494485,0.006199211232693804,2,2.0260430008074986,0.1593719822135702,0.15114083006287193
5,2,2,0,0,50,0.6033372028326703,0.052837263431616405,0.0021546631813763608,56,0.4708503661848532,0.1176547765408943,0.0016272476022052107,12,1.9177732809865926,0.1865385352206243,0.022005348751641517
5,2,2,0,1,57,0.5895938764035205,0.053654632248606914,0.002132582327635979,67,0.4441961708314039,0.09682591229474537,0.001358004646267879,7,1.8509170542585756,0.3181840657070757,0.07527201493560474
5,2,2,0,3,3,0.5511411380083795,0.049226468183013905,0.0034629507244109217,3,0.45015678356702465,0.03791911029693693,0.011137368342156099,1,2.14872489250306,,0.0
5,2,2,1,0,11,0.5976429015462684,0.05878436569277315,0.008876088241960178,11,0.48269924434473394,0.12507850766537712,0.003922211946215019,1,2.083557955053976,,0.0
5,2,2,1,1,23,0.5751982785381216,0.06580907713195422,0.003886619471442135,23,0.4552518642842936,0.09754174092172949,0.0021118273617154026,4,1.8463676971462535,0.2504984001647086,0.060472664837172174
6,0,2,0,1,25,0.6344847672105002,0.05043839930501405,0.005541750633244383,62,0.56429621931384,0.15485752177130926,0.0033400004961357606,5,1.9263758587200104,0.19633439537045075,0.0
6,1,2,0,1,37,0.6081892459410484,0.05880039262355479,0.0029700839419039542,74,0.4425336791277938,0.14848063933050973,0.002984837264289823,2,1.6339606386796584,0.06999495880419426,0.0
6,2,2,0,1,4,0.6466513126818649,0.02947266781767576,0.0,6,0.6079007339049557,0.11341337784918974,0.013392564171622915,1,2.0711574945160343,,0.0
6,2,2,0,2,71,0.605623223993056,0.06551864754893554,0.004205966279912167,75,0.4570319031912616,0.13014193960618864,0.0027692824228879196,6,1.8216927833301046,0.3145536354331105,0.12739613645438996
6,2,2,0,3,93,0.5845351203138025,0.0720839923304851,0.00309837562014839,99,0.4132226817697678,0.1409170259675576,0.0022205199238454027,13,1.9297186115194265,0.263769417698391,0.06817599465289301
6,2,2,1,2,5,0.5858154665990288,0.03155604659647372,0.0,8,0.43153453428588656,0.10245116024262835,0.004109352833457196,1,1.2836383373849436,,0.44456539256237027
6,2,2,1,3,18,0.6186982059416525,0.07613273656665907,0.005825788757533382,18,0.41579063601559657,0.11185890633273116,0.005326796430779303,3,1.7749181800882505,0.5386962141103406,0.0
6,2,2,2,2,10,0.6143426943790621,0.06811777386762492,0.017633797977606648,9,0.4067240405006171,0.07227552261458657,0.01153220855362641,1,2.076762344613324,,0.8013291318689304
6,2,2,2,3,9,0.617585353189821,0.056729871759968506,0.012268484452840971,9,0.39568545738144206,0.08115848416151025,0.006860005268831111,1,2.1865222572516907,,0.0
7,0,2,0,0,12,0.6300108755310267,0.051201956141565155,0.006352334994935343,40,0.5380948146448493,0.15317085538217204,0.004496646171479663,2,2.070250609793419,0.11906896160591925,0.0
7,0,2,0,1,17,0.639330402044061,0.04482457569329779,0.006556737968346655,48,0.5268237824468387,0.15211954152038457,0.004145545766706895,2,1.8722440319846876,0.18177140904745656,0.16155891891907403
7,1,2,0,1,12,0.6401608417536481,0.056342740870078796,0.0062433830302356386,36,0.42928482089910186,0.1477249929839462,0.0051385482302910585,1,1.913551553883076,,0.0
7,1,2,2,1,1,0.4879612417534244,,0.0,1,0.5864597337692683,,0.0,1,1.828260854879032,,0.0
7,2,2,0,1,12,0.6098165150367674,0.04780473470522662,0.00305222110760151,21,0.5177964173939564,0.12174372095398783,0.003146797983130132,1,2.0686052695225503,,0.2349628958668908
7,2,2,0,2,5,0.5917597924199488,0.08593070951146439,0.010241071662125106,13,0.4968309584105889,0.05809344892236137,0.0035863242682783814,3,1.9571901776243141,0.1118822438640941,0.12112850289253714
7,2,2,0,3,10,0.5934453716493253,0.08900403885866781,0.005049960180108005,18,0.46917163810683493,0.08100093826327322,0.002552184835006285,3,1.5737739564452558,0.42261303238632614,0.0
