glacier_type,temperature_category,precipitation_category,area_category,aspect_category,AAR_n,AAR_mean,AAR_std,AAR_1σ,THAR_n,THAR_mean,THAR_std,THAR_1σ,AABR_n,AABR_mean,AABR_std,AABR_1σ
0,0,0,0,0,1402,0.5599302483890516,0.06526638795790385,0.0004115058803503441,1451,0.53409335921845,0.12227842633062232,0.00038686030864333446,1363,1.338588829697563,0.34083355014000005,0.0025516925693738193
0,0,0,0,1,3846,0.5554905017258929,0.05795948200744912,0.00021973737214751234,3929,0.5434131997961194,0.10694558828968254,0.0002193443594104465,3798,1.3152721683714657,0.30382606412601704,0.001355072938172605
0,0,0,0,2,13,0.5942185387394926,0.06425288764681757,0.010488329867818138,14,0.4133603592933571,0.09141319554409262,0.007896233532587536,11,1.4881943225076635,0.30857517757886677,0.06659291318699748
0,0,0,0,3,16,0.5447109852719986,0.09516667087724728,0.007252851354800924,20,0.43112226265717535,0.14352019684109457,0.005330050593865239,14,1.4164663592746483,0.3313280244444359,0.05472681607637618
0,0,0,1,0,1878,0.5656721358418546,0.061154458879871636,0.0005347454454722869,1933,0.5255655683724741,0.1160018627072973,0.0004911111457126152,1793,1.399846350342416,0.3274096144152765,0.0032810843629884974
0,0,0,1,1,4463,0.5607773416329298,0.056818257396287444,0.00030925067479263313,4551,0.5142891101135006,0.10669574190586004,0.00029549150051514733,4316,1.3845437604489448,0.30695236470019877,0.0019410049386476243
0,0,0,1,2,24,0.5647618416614183,0.057525667569231734,0.009524784881258444,25,0.39425649422707293,0.08799301588177248,0.007364814727836969,21,1.5336983323305202,0.38288733817830917,0.06134317066270365
0,0,0,1,3,16,0.5939361667057138,0.055247852007875,0.007193667148561916,18,0.44387768050914356,0.1128324485196907,0.004763667696615167,12,1.6412739817028947,0.3748463562625791,0.051936329328395814
0,0,0,2,0,1530,0.5869356272159424,0.05886333850058574,0.0007117192329524998,1686,0.514683361292446,0.11023739796662883,0.0006302808243957013,1257,1.5573511126938293,0.32491257833597714,0.005291053982082491
0,0,0,2,1,4198,0.5816180437573079,0.059531767093696335,0.0004454009059938503,4621,0.4983038742429677,0.10325895842851426,0.0003723188485935074,3486,1.5462523061987918,0.32677317951928425,0.003194321886235864
0,0,0,2,2,8,0.533206734869657,0.09846696544805066,0.014845914082729231,9,0.3938857760708646,0.13987165414535652,0.009497701744969323,5,1.2112565746700006,0.43735813276129115,0.11362207314553381
0,0,0,2,3,7,0.5473930242443099,0.10801068008029675,0.016467156999562475,7,0.4602879630339995,0.10152043056588446,0.01176786987352579,4,1.4650450310189933,0.4341863222060734,0.123485400691331
0,0,1,0,0,484,0.5521635468442209,0.06136386462852142,0.0006362315387888728,495,0.535676510156724,0.12022252852017662,0.0006984156329147153,478,1.2971520289776417,0.3211355702928944,0.003979306101999965
0,0,1,0,1,542,0.5498001107220997,0.05951091142836056,0.0003606765042617635,549,0.5438472854772383,0.11606280856398099,0.000415648624822049,535,1.2876691882515592,0.3077879919375945,0.00216746467122996
0,0,1,0,3,1,0.6373207975593677,,0.07798306669795685,2,0.4434830936011396,0.13885254063151803,0.04166666666666624,1,1.897503958335392,,0.5749890671242337
0,0,1,1,0,397,0.5577716026545396,0.05846146706931219,0.0009894277426470241,422,0.48687263251773005,0.10576445781691489,0.0009994409873887665,387,1.34203971333209,0.3117381332978143,0.006081216320997804
0,0,1,1,1,419,0.5548516029790853,0.05703632054447388,0.0008092986873806386,422,0.48759977336146204,0.10085966755614591,0.0007901564043703926,403,1.3272302269779694,0.2907006434327839,0.004988310309546743
0,0,1,1,3,2,0.4857234724138949,0.08369944020383491,0.0,2,0.3451660761738333,0.1241877601152213,0.0,2,1.8000265503180168,0.31875636364720683,0.0
0,0,1,2,0,158,0.5742744849853821,0.05751323688029993,0.002120522491058841,185,0.45636908899619594,0.09309233513593501,0.0019195318727716908,149,1.4521302121580073,0.3433954268257355,0.013935059747534709
0,0,1,2,1,206,0.5786834533543718,0.053454218849120404,0.001620379635036667,229,0.4615343113076796,0.10044922148859428,0.0015066098876137437,188,1.4983461433912133,0.3130890959996819,0.011010163370057956
0,0,1,2,3,4,0.6253534760922167,0.08343778008399351,0.0,4,0.46929995799738894,0.1755567080268458,0.0,1,1.6256805258951468,,0.0
0,0,2,0,0,18,0.5511096732751147,0.05697214729972966,0.0026207450204745095,18,0.579136796630799,0.09930378776551607,0.0030102489861684825,18,1.3226990399250387,0.3166823512726304,0.021889951318501577
0,0,2,0,1,10,0.5663941701530187,0.056060307819789254,0.0,10,0.6006131458163888,0.08388801245776101,0.0,10,1.388447685180044,0.30927582172320023,0.0
0,0,2,1,0,14,0.5877795475453802,0.03882470851648411,0.0028467161940208263,17,0.5541592417273582,0.1219427448965521,0.003143412913792127,13,1.5163796996554026,0.2164181489337575,0.017931732928398832
0,0,2,1,1,4,0.5457917841839712,0.05014057116370319,0.0,6,0.49765978183892784,0.07582435390331974,0.012377543095547006,4,1.32662538112338,0.3143032470182854,0.0
0,0,2,2,0,4,0.5849745075579236,0.014898598079750677,0.01352035555227954,11,0.3947227514689814,0.07104979462984459,0.011375301400303146,4,1.5619728083555149,0.1288880569197729,0.0689536013284569
0,0,2,2,1,4,0.5942371443084891,0.10683597822788546,0.012534024575796415,5,0.40293970415494806,0.05396145268421158,0.011035646087513971,2,1.1410644098984508,0.38566435839845287,0.0
0,1,0,0,0,1685,0.5533474976636288,0.06035257710677126,0.00028655070996214577,1715,0.5464908480830503,0.11880438889576354,0.000281303204562461,1669,1.2948988841578444,0.3130791680510465,0.0016640021017949906
0,1,0,0,1,8466,0.5431314955216914,0.05394983008675728,6.868107992166364e-05,8495,0.5574489004959855,0.09710138001455933,6.972656709727824e-05,8429,1.2391855529129692,0.26980556280721923,0.00039703991332249827
0,1,0,0,2,80,0.5287952925170556,0.07279207891941773,0.0011910884985581196,82,0.4748945322442759,0.11535392260247239,0.0011518167846436514,76,1.1623614046550108,0.3197575133100655,0.007452175372711689
0,1,0,0,3,54,0.5610863548871057,0.07700159884858648,0.0033392553209233705,65,0.45509106998755045,0.13556231347242187,0.002944714926578003,39,1.3642289171851838,0.4403030795139439,0.02528322263686791
0,1,0,1,0,1793,0.5576988494151413,0.0566579027452929,0.0003797507130977834,1831,0.5296655679253172,0.10952141893544606,0.0003565709488676189,1762,1.3375371210802858,0.30133751225639693,0.0023441250671102395
0,1,0,1,1,8538,0.5392669797586658,0.049519662035572024,0.00014203194658602924,8592,0.5054086826224834,0.0915235923027897,0.00012850142777237465,8497,1.240003466455024,0.256985032605335,0.0008191790424821258
0,1,0,1,2,25,0.5559298730946525,0.0601016531979249,0.004318017152013423,25,0.47933997788716787,0.12828693708313033,0.0031794968276242456,24,1.3113380359777456,0.32959435968699663,0.032724274021333925
0,1,0,1,3,16,0.5695458028723833,0.07215273422849729,0.007256555412120454,15,0.43331311622531754,0.12153174977797208,0.00747384296468243,11,1.4088202040065405,0.3730950579043068,0.07307890635263221
0,1,0,2,0,908,0.5730369469610491,0.055726237221552975,0.0007398575397703848,979,0.5041427659950345,0.10354625984233225,0.0006502159329987854,810,1.4306426442356572,0.3055719727998777,0.0048415550048686706
0,1,0,2,1,5018,0.5548185231936791,0.05438665134931001,0.00030781970109825213,5144,0.4745649586183421,0.08786930319138858,0.00023876699307386604,4791,1.346305031047408,0.3026888155368452,0.0019243793325377607
0,1,0,2,2,8,0.5638400529572388,0.06175136043202417,0.008865899808949909,9,0.365148698665953,0.11985105648133816,0.006543628266775608,8,1.3855295436512574,0.3913457510425947,0.06072507177755361
0,1,0,2,3,7,0.5688286097750409,0.07970539153453943,0.012399774210635383,6,0.34703301264722947,0.09494644493528524,0.01098119580959433,4,1.5193417018333015,0.32693337599622596,0.09091482061862188
0,1,1,0,0,2445,0.5341026708076527,0.05982835922581154,0.0002078498611885398,2464,0.5293860081501904,0.10797685742291922,0.00017527097447863984,2430,1.2133248679750748,0.298244445529505,0.0009722478507394845
0,1,1,0,1,5438,0.5314383984034519,0.05656331080729218,7.05705378528956e-05,5475,0.5357182747459521,0.10451081959219768,6.046011173161645e-05,5418,1.1957552185214149,0.2799338180035026,0.0003274978485948142
0,1,1,0,2,23,0.5803181639920867,0.08291944957487933,0.0010714180093802166,25,0.5101556824169166,0.14262633167334174,0.0003064812768668457,20,1.463357912388568,0.3995467142470779,0.00617316565167102
0,1,1,0,3,35,0.5408391751339238,0.07273692300834182,0.0029637262080603336,40,0.5120669752232947,0.13507587140243335,0.0013266583078620177,34,1.3809843048861623,0.33324421431598417,0.011791644104178895
0,1,1,1,0,2601,0.5381014242792037,0.05362121480964781,0.00019917473291073318,2654,0.5043557325879117,0.10000071825512488,0.0001915172187137215,2570,1.2484963969353706,0.2787004858450398,0.0011514964514257662
0,1,1,1,1,5777,0.5310913203281218,0.05102124990723398,0.00011444403209188524,5814,0.4968860022141085,0.09412033964618395,0.00010451717972310143,5743,1.2193248369715395,0.2663096575637364,0.0006312223325824638
0,1,1,1,2,21,0.5636439314610003,0.06049398456937256,0.0025699857822990718,22,0.5056603338800801,0.12825862164033694,0.002086190128973923,19,1.467495375853499,0.30255434654871083,0.018273653048945723
0,1,1,1,3,15,0.5115570193444782,0.046147538415474046,0.0,15,0.44339117351938123,0.14991664296948287,0.0,11,1.33212760248551,0.24705185576207245,0.0
0,1,1,2,0,1100,0.5462911603506786,0.054753915143758866,0.00045188336142000393,1158,0.47412031360658063,0.09897175741679243,0.0004189821014040636,1055,1.3413819966061555,0.3055072466029486,0.002662577679503267
0,1,1,2,1,2680,0.5418067182499933,0.05275339175061425,0.0002672534177882108,2732,0.4723279128548186,0.08849041812080201,0.00021790721159210415,2582,1.319490356582728,0.30283147872484184,0.0016526821538169305
0,1,1,2,2,14,0.5680470527773008,0.07000074727032815,0.00603227143336061,14,0.45611852358920185,0.1439463657708347,0.004147814089060059,10,1.360549966915816,0.37245476808652644,0.03203916789507177
0,1,1,2,3,8,0.5393350487068076,0.044157238486718445,0.0,8,0.5307575406264334,0.11437419120998268,0.0,6,1.6514890191610607,0.28295068316646727,0.0
0,1,2,0,0,348,0.5276044204092408,0.0534318071109802,0.00023786516691144476,347,0.5510034583563864,0.10393672455069823,0.00026123597973569564,346,1.2067702150071111,0.2674308088495024,0.0018901189048115908
0,1,2,0,1,354,0.5296553785289616,0.05444455658188828,0.0,352,0.5372514141464989,0.0994358297880667,0.0,351,1.2107510158948884,0.2702480616492567,0.0
0,1,2,0,2,2,0.5192178590024841,0.04293119495321938,0.0,2,0.5191862528377775,0.14202121416557367,0.0,2,1.1823820839400772,0.22706958368216337,0.0
0,1,2,0,3,10,0.5398685640996351,0.08092574841289774,0.0,10,0.5550521188734965,0.1299326873347262,0.0,9,1.362828579837914,0.3904156944651637,0.0
0,1,2,1,0,314,0.5357024263383422,0.05398491191651604,0.0003661528813769824,317,0.5214563830793508,0.09705027329218195,0.0004280508609739122,309,1.2942705949690203,0.28992612739798673,0.0017992844512923017
0,1,2,1,1,384,0.5306196727201352,0.05117543214334166,0.0003078203804810329,388,0.5143359244938625,0.09713862831559712,0.00029144698323528844,381,1.2597796757604216,0.29321328667936075,0.0020459167304427506
0,1,2,2,0,122,0.5561109771369098,0.05506094720803483,0.0011011022447238621,125,0.5094498300951814,0.10410864556293813,0.001077384242723341,110,1.4273063883385255,0.308053390673298,0.005184189697090922
0,1,2,2,1,160,0.5436715685677235,0.055644387187071785,0.0010013378071440206,166,0.49799719374658324,0.09832480278051026,0.0008305501971597721,149,1.394410836354719,0.32061833985423094,0.005793320339725706
0,1,2,2,2,1,0.5021603665637936,,0.0,1,0.576444748924423,,0.0,1,1.4345824628106654,,0.0
0,2,0,0,0,432,0.5510609301092593,0.06092933068285935,0.0006718770170489703,453,0.5580213788919113,0.11185594288020313,0.0006537626809353295,427,1.2766286216316183,0.3126127596109292,0.003783502604664093
0,2,0,0,1,2628,0.5396585829257802,0.054772686626999245,0.00015004752404067915,2654,0.553397007727772,0.09840504374874211,0.00015453538425655626,2622,1.2196566259965294,0.2709085551558571,0.0008351473818317033
0,2,0,0,2,369,0.542070266519442,0.059562147165339,0.0003893532454935277,374,0.5274066819760559,0.10752776728400362,0.0004089166271461934,367,1.2325715456276107,0.2995602950599575,0.002397318774049255
0,2,0,0,3,78,0.541940896516052,0.05126707470722639,0.0007356219113696292,80,0.5287460526508788,0.12093473218785267,0.0007590332294319709,79,1.214560520463466,0.28124512221296993,0.005961637926708468
0,2,0,1,0,450,0.5579989692786479,0.056130993762479875,0.000863608500632524,466,0.5272026438297739,0.10612811415183163,0.0008365752047799927,446,1.3163121666771298,0.30319226714426245,0.00541769070117734
0,2,0,1,1,2335,0.5358134537807194,0.04953925288714229,0.0002529486637550035,2352,0.5054539397161497,0.09187025626465845,0.00022794038623182578,2339,1.219580156039495,0.2532764764759149,0.0015265236042093793
0,2,0,1,2,152,0.5543002544440876,0.05758080518686483,0.0010902698259436093,158,0.4829966646270087,0.10896432515321958,0.0011546193372135554,149,1.2825778404016155,0.3004868363071719,0.007302937996041278
0,2,0,1,3,21,0.5625660969099123,0.04767613476746599,0.0027401970535486813,22,0.4959096054559348,0.07851281183492208,0.00373539266603818,21,1.3413152459105724,0.283176779004484,0.022211464055707144
0,2,0,2,0,218,0.5613446207745975,0.061111869152216156,0.0016856482588763343,241,0.48511535530084315,0.09569591397569283,0.0014088653421626476,211,1.3396941399613826,0.3283650315879479,0.009951238886907408
0,2,0,2,1,1225,0.5422643787498217,0.05814398148228893,0.0005775035660425466,1258,0.47014350887855855,0.08619626284156522,0.0004407043458087694,1193,1.2665265734403837,0.3033736517965699,0.0034587035446498994
0,2,0,2,2,35,0.595345114852649,0.05451186936116374,0.0024840378850957295,46,0.4694362681483423,0.12113380974441906,0.0029395759042371776,32,1.5394936236265977,0.3443581740688465,0.0219406182853379
0,2,0,2,3,8,0.6115110683459754,0.054480660468878526,0.003019388430398867,9,0.5119875508737101,0.11682097815307135,0.002404517574017367,8,1.657419095503985,0.3477642903364217,0.03158389266850281
0,2,1,0,0,2566,0.5307278802007092,0.05947212791602667,0.00012337664225382656,2639,0.5284960064764761,0.10837647474268498,0.0001083533673836087,2572,1.189381880014159,0.2956532994573453,0.0007034500458535406
0,2,1,0,1,9637,0.5245993564910978,0.05879867529152666,5.403168605495187e-05,9878,0.5246570435926473,0.10612174316737141,4.6656272038394797e-05,9706,1.155513665025639,0.28542024043929143,0.00025047248314012986
0,2,1,0,2,376,0.5336904010744037,0.06166557266111687,0.00031627807168547556,380,0.5343458346280454,0.09950219526946369,0.00027094656051936805,374,1.2133255311478792,0.3012886503949273,0.0017525244240525124
0,2,1,0,3,175,0.5232940721332813,0.06417176767454898,0.0005743020450785111,177,0.5209770048494448,0.11466322195278213,0.00036518510964798136,171,1.2117005638502885,0.3293093789148474,0.0021608307685606174
0,2,1,1,0,2446,0.5290092628858172,0.04895147137773698,0.000140034208373061,2453,0.5076201002567186,0.0961271769810401,0.00012713612513682757,2451,1.1988171139694375,0.2492837257622641,0.0008207405092514133
0,2,1,1,1,8797,0.5213169381056025,0.04747082330380949,6.183219696636437e-05,8848,0.4952267605894652,0.09208152471675557,5.336014642585458e-05,8820,1.167843638257102,0.2374727622150439,0.0002935340224849135
0,2,1,1,2,209,0.5456982878631251,0.058812647043514285,0.0005152821040962185,220,0.4918617048273738,0.10242438947484882,0.0005644954792309813,200,1.3057205263498048,0.32254689501494616,0.00308540951988053
0,2,1,1,3,108,0.5486038612204417,0.07334227443346093,0.0011285765900263184,111,0.5027393996649633,0.1268209090307619,0.0009393938959171071,101,1.3792330745166936,0.4011222257417143,0.007213583088832369
0,2,1,2,0,1082,0.5375826812900901,0.052766818442603766,0.00034567309585666154,1096,0.4869711614129379,0.09717439090068218,0.0002807010269408665,1068,1.2835655621323214,0.28988676290661597,0.0018882426600310008
0,2,1,2,1,3634,0.5310400242451151,0.05068566693775757,0.00014873127221416246,3678,0.4779392046104163,0.09116087855530723,0.00011259713872510856,3589,1.253535614859395,0.27820363780456675,0.0007480390207821025
0,2,1,2,2,120,0.5896693250777256,0.06666160536514665,0.0017801334948044634,137,0.45443950928522087,0.1075975679489691,0.0013176343324954082,99,1.6157106115962543,0.35976696996218566,0.012954978536127808
0,2,1,2,3,61,0.5374209879793084,0.07158220944657731,0.002540399706848756,72,0.44817718862812517,0.10907576541814894,0.0016862529030956753,45,1.4888758465866578,0.38770331133383223,0.023362979913095334
0,2,2,0,0,4500,0.525770887910103,0.05887722337892479,7.302851810009788e-05,4550,0.5274967203694688,0.10631882760062134,6.634021296515642e-05,4492,1.1787438683291647,0.2860279471967824,0.000340485913618724
0,2,2,0,1,8246,0.5216320731625957,0.05781232736738047,5.758063744553491e-05,8360,0.525017951839325,0.10371313273230626,4.991437211315293e-05,8256,1.1598343219728373,0.279093307195379,0.00027005228617769494
0,2,2,0,2,4817,0.5292595052277664,0.062491193759129864,6.0276532023411366e-05,4904,0.5583879570267234,0.10735479903306387,5.7014971630649466e-05,4836,1.1956106000737712,0.3088270712098511,0.0003395392390077527
0,2,2,0,3,2260,0.5313090854485893,0.06569067395523279,0.00011102854036523075,2313,0.54943583096062,0.11110387702516332,0.0001068007586207718,2267,1.2078642716188004,0.3304784208876417,0.0006472202389958776
0,2,2,1,0,4717,0.5295642501611417,0.04645277601279206,5.866764091091478e-05,4727,0.5220857126872477,0.09738587407567968,6.127306311166468e-05,4703,1.2299678203938804,0.2454872068409568,0.0003018735227853263
0,2,2,1,1,9234,0.5244458850571697,0.045870756923742796,4.313222167158276e-05,9242,0.5120216469937817,0.09619215754170275,3.604389728839315e-05,9225,1.205673797018887,0.23968351355741313,0.00019098882017144162
0,2,2,1,2,2360,0.5384661430399643,0.049724164411542184,0.00011162049848767973,2363,0.5453997084207904,0.10031923755831813,9.024868150189521e-05,2341,1.2974240015710645,0.26713778049345327,0.0006125250467651177
0,2,2,1,3,1136,0.540168667117653,0.05173888392294643,0.0001944567672264471,1134,0.5371081443723517,0.1032521878710992,0.00015842226663563287,1115,1.3084138733926376,0.2760386527093922,0.0012264566696431889
0,2,2,2,0,2537,0.544895544302524,0.04600023790418088,0.00011931369980459734,2559,0.5196102495820453,0.09772065804089908,0.00010267802917828935,2462,1.3644262078014562,0.2697584714754426,0.0006524473486205846
0,2,2,2,1,5244,0.5418042908066609,0.04578766780542706,6.864242068401571e-05,5265,0.5108775343069895,0.09533155062306974,5.446113683319376e-05,5123,1.3576875126747527,0.27196574237383153,0.00035652328236238426
0,2,2,2,2,1187,0.5568354809178407,0.05323944463838216,0.0003791926570391681,1198,0.5254849931292521,0.09904114915785006,0.0002666027561972597,1116,1.4557132058798965,0.30384673391874656,0.0024464044621110657
0,2,2,2,3,605,0.560863459390189,0.05272515249243403,0.0004982414434346127,622,0.5108506281234274,0.09913496179798761,0.00036874122729165697,560,1.469539865609682,0.2997798768273358,0.0032226577045314114
1,0,0,0,0,93,0.559424782546403,0.06304084770764562,0.0028859610202255424,98,0.519072365985931,0.13321070971141333,0.0029935329366805132,92,1.3619232033833888,0.3448826043525755,0.01530216341604701
1,0,0,0,1,127,0.556791743852915,0.07266504513755098,0.0012141663955773634,134,0.4984352881641542,0.12837127226822462,0.0011620869772832605,125,1.331559973946927,0.3802622236979872,0.0077373064013411125
1,0,0,1,0,412,0.5430607510143097,0.06455260117895034,0.001035052480122969,422,0.5172472779618436,0.11848288322819463,0.0009667143729036697,398,1.2909254123883924,0.33342356980455806,0.006113477569578264
1,0,0,1,1,630,0.5443442900285148,0.06470454435886361,0.0006921218254544326,651,0.5054750883348251,0.1221812408264063,0.0006608400020101667,606,1.3168891852015505,0.32949993922802084,0.004155780611588033
1,0,0,2,0,1226,0.5771922642967187,0.06213206660175361,0.000724417457565104,1387,0.5284517598168117,0.11019086362345537,0.0006082207624916166,930,1.527229168807469,0.3273904985533638,0.00523743471485657
1,0,0,2,1,2744,0.5658880323513903,0.06460279335027637,0.00048086160844481646,3043,0.5129667048792665,0.11667693944762242,0.00038947384224028656,2249,1.4964976285812206,0.33864343635581845,0.0032355492440986396
1,0,1,0,0,22,0.52943269034749,0.0437503613465453,0.0,24,0.5521911190461309,0.1247401586586077,0.0,22,1.2114953626791747,0.2551301898624364,0.0
1,0,1,0,1,5,0.5441952046337727,0.10319225630804034,0.0,5,0.4765844516577335,0.1353920391933741,0.0,4,1.108484008892122,0.2204525104294759,0.0
1,0,1,1,0,69,0.534963107319621,0.06379979304968109,0.002687710216212532,72,0.46838840647891583,0.11227746502366642,0.0028151327671526016,67,1.2555668001886107,0.32425226596768486,0.014630290442904544
1,0,1,1,1,71,0.5405958379480327,0.07145537970888137,0.0025655181231608094,72,0.48789427333143365,0.11063909016141253,0.0019285270167101762,66,1.2914226149781616,0.3774454543832665,0.017627439231661428
1,0,1,2,0,223,0.5714420826681968,0.06508590062628228,0.0017621770863552038,266,0.4399270105353155,0.11359623213432252,0.0013605337612909863,188,1.4647842925705987,0.3494809742989263,0.01155578500098594
1,0,1,2,1,290,0.5648126055001922,0.07008860165695152,0.0014820781639913367,328,0.44328994058108956,0.09202870503310216,0.001109046843500918,243,1.4150135724982769,0.34993985877635925,0.009498120651939052
1,0,2,2,1,2,0.6259466909710325,0.06667358708617036,0.013812490855641735,2,0.3517447153416607,0.15946726344333384,0.003405348312028142,1,1.5785178729651537,,0.0
1,1,0,0,0,78,0.5373547569814718,0.0666309858106701,0.0016642581921214193,79,0.51749798634985,0.11384400180047995,0.0016698129403533571,77,1.2447680780627766,0.3453011853863492,0.006788817721785987
1,1,0,0,1,277,0.51644371045512,0.0554236072787672,0.0006360198148364086,284,0.515129779547406,0.10769383448917227,0.0005748236545476774,281,1.1130985513894514,0.27139859786744974,0.003151421841529705
1,1,0,0,2,21,0.5230163069784093,0.06547525678239867,0.0,22,0.43918539462274014,0.1136128356087774,0.0,20,1.0956411014373781,0.24359465374864817,0.0
1,1,0,0,3,10,0.5263924864078485,0.06361622653700844,0.0015696332639360323,12,0.5111518082267884,0.12136965108767739,0.005121728055157305,10,1.1523256161783766,0.2947509122148061,0.006356286596069749
1,1,0,1,0,230,0.5269888974911014,0.06398398341196623,0.0010791276225049803,234,0.5057806925311742,0.12096833605316076,0.0009127530250853916,226,1.185613360688576,0.3147972755664073,0.005321888284290822
1,1,0,1,1,782,0.508986943329473,0.05359854550809886,0.0004205220403211996,800,0.49053210670899305,0.0984362977320412,0.00034355259762621984,798,1.0959051037144252,0.26944265011297036,0.0018924287390961673
1,1,0,1,2,23,0.5289060557456456,0.05235835222998854,0.0,23,0.43492662202662674,0.08333539100845518,0.0,23,1.1663748516710348,0.2684227474570821,0.0
1,1,0,1,3,9,0.5269507969726104,0.08722221934273527,0.010916197096260773,9,0.4075066568132984,0.09499035079741609,0.011528530464737547,9,1.1940058505462576,0.41299652037934487,0.06340098323008346
1,1,0,2,0,625,0.5525140112648597,0.06357660226675002,0.0008468573742854031,672,0.4764136659111813,0.10119639211362379,0.0006602680566266958,544,1.3600472994489035,0.35676915663757675,0.005231527690218879
1,1,0,2,1,2383,0.5352712025885183,0.06194368337477795,0.0004311398821818287,2485,0.45718809770939506,0.09261731542153195,0.0003110040219563126,2231,1.2833638226689879,0.3478012579995797,0.0025429206678553983
1,1,0,2,2,11,0.5455206562192189,0.054309773190802706,0.004788010165407263,11,0.42931480250114656,0.09695627507833787,0.004413194801199971,11,1.2659752272079732,0.2890548651280942,0.026378498591164954
1,1,0,2,3,3,0.5485615500493188,0.03812011793450796,0.014556756277561561,4,0.3775303363394543,0.0837591893246876,0.011114761371321051,3,1.2607389951599532,0.20730076158267827,0.07977258446210637
1,1,1,0,0,209,0.5183640960546105,0.061180158566164725,0.0010388291642610234,213,0.5257025288021524,0.1018089621434987,0.0007216094134010862,214,1.1409153571015775,0.30712192227214247,0.004631825000079624
1,1,1,0,1,407,0.5112720083106015,0.059717237438093596,0.0005704314104993105,415,0.5184465256487468,0.10411872995399385,0.00047686055628436326,411,1.0961664047258803,0.284444209819389,0.002748716886430214
1,1,1,1,0,701,0.5179930980286166,0.05529712689565045,0.00040825263165096467,717,0.4998203562305668,0.10065192494296174,0.00040177509354420894,705,1.1447497090298422,0.27657131021019254,0.0017563459326975829
1,1,1,1,1,1224,0.5078750678893635,0.05296468616813629,0.000313890600296541,1241,0.4908037153317589,0.09390627187735623,0.00026157799667139194,1238,1.098377313962273,0.2580386646082006,0.0013363862082647145
1,1,1,2,0,1602,0.5411908505837295,0.061811911102751804,0.0003784121268026001,1675,0.4799357641227122,0.09731083585626092,0.0003284071659600862,1491,1.3191599142114483,0.36218182184178344,0.0021301122908801086
1,1,1,2,1,2907,0.5281771020217534,0.06111313672157816,0.00028158188340084644,2987,0.46715975125357956,0.09080183187497214,0.00020114842487153125,2744,1.247148982081143,0.3347336460209158,0.0014606748219483405
1,1,1,2,2,2,0.594069735359978,0.0031093836350295544,0.018336657037172858,2,0.39432303033076294,0.024134465547109674,0.01071137215837528,2,1.5393997137016022,0.022075654887642075,0.11781742747285863
1,1,1,2,3,2,0.4942214684131896,0.0748634268448096,0.01144940032888861,2,0.3621500513725226,0.12409380651084775,0.007677100494134448,2,1.1162702300010476,0.22052454291042295,0.04480375027277467
1,1,2,0,0,43,0.5079969071832714,0.07006171108048197,0.001796248389674332,44,0.5382241788747656,0.10076801939204204,0.002041145915187874,44,1.151080166696618,0.36831951660244167,0.007581301065208316
1,1,2,0,1,29,0.5048495547910934,0.06105518715792756,0.0024007703642454654,30,0.4638059183663085,0.1062145076117299,0.0014774420893127536,29,1.1496391520432259,0.35250020436432294,0.0067959270118227826
1,1,2,1,0,86,0.5196411846303369,0.05768063254990405,0.0010872960793168961,88,0.5345506395576971,0.10032451878365084,0.0009288811999377908,87,1.2237084939771654,0.3198084834655782,0.004096461196836556
1,1,2,1,1,79,0.5056650170811897,0.05263040555553824,0.0006535207087513848,84,0.4763479339577918,0.1007584068652516,0.0005604283443193366,84,1.126667633003809,0.2964335586726253,0.001991539624166414
1,1,2,2,0,185,0.5432315456516102,0.06447778981459401,0.0010748224481161586,189,0.4915706003032808,0.08810715440540395,0.0006575313767513239,164,1.386607150449925,0.36859482514583175,0.005834604432381199
1,1,2,2,1,249,0.5369590346560426,0.062263566736135395,0.0008680607286253942,257,0.4862571499470604,0.09068469520104322,0.0005941850734211682,225,1.3091085214227314,0.3515913051431954,0.004761630666206036
1,2,0,0,0,16,0.5302770320866439,0.060579650428099034,0.0,17,0.5483226990824365,0.09401338611903418,0.0,15,1.1237357433059807,0.2090515337288745,0.0
1,2,0,0,1,125,0.5175007344585489,0.07000173855622202,0.0011296165934489171,128,0.49382393931806123,0.11520219143098545,0.0007660828411617565,128,1.1268459794890084,0.35686115681452646,0.005190376301354667
1,2,0,0,2,120,0.5398248716948741,0.06104496251262121,0.0,120,0.5219424740584583,0.11148188978479985,0.0,119,1.2213712179978933,0.298194176316078,0.0
1,2,0,0,3,31,0.549725815238702,0.06069549547640856,0.0020405276044013244,32,0.5097921358351037,0.12731717337028256,0.0008082769000488654,31,1.2772701001981654,0.32107291031425106,0.008771884929379697
1,2,0,1,0,71,0.5135634687656099,0.05311694456548064,0.000608238360731321,71,0.5060457455928261,0.10594829940407169,0.0011238046402430749,71,1.1251188933035436,0.25329350447014265,0.002693085373070079
1,2,0,1,1,241,0.5045025847065728,0.05128882164409155,0.0006970177790368362,245,0.491464760793383,0.10673542764875166,0.0005810310098190977,246,1.0791120301571362,0.24897819590706022,0.003262208596147826
1,2,0,1,2,138,0.5428358832975076,0.05691822034714664,0.00111967082844045,139,0.4860545834397045,0.09450001530373585,0.0011242420100225027,137,1.2546325249488337,0.302491820407558,0.005979371118285349
1,2,0,1,3,31,0.5352083776164027,0.07069775473503317,0.0011913864607607937,31,0.5000531745996536,0.12357322116075135,0.0019283135866271755,30,1.1983313787068204,0.3247099670529429,0.0
1,2,0,2,0,138,0.5286279310932576,0.06122979035139944,0.0016701745832739538,150,0.465916340172259,0.09548751307887289,0.001267651499864835,144,1.2140911178544889,0.3581643299457842,0.00902159757163658
1,2,0,2,1,517,0.5269417122428195,0.0700062932696737,0.0009084461838161392,540,0.43638426294759247,0.09470890415015776,0.0007216429924010076,493,1.2133309834626147,0.34851937798298943,0.005265593163461815
1,2,0,2,2,128,0.5654643764380384,0.05799562350737882,0.0016014998259177838,144,0.47158011213322787,0.09751843439793231,0.0014407170011120011,122,1.3777100870596928,0.3209325517289517,0.010088049094930338
1,2,0,2,3,30,0.6015225410320082,0.06846174110825361,0.004798845299189591,42,0.4376004709714196,0.10086045268954782,0.003517393561078122,24,1.531281141854718,0.35817586080590635,0.03203408567200777
1,2,1,0,0,350,0.5199508140983929,0.06172610548639641,0.00031320628927817505,358,0.5135640581680657,0.10901451807958058,0.00021294789451826594,352,1.137702065353707,0.297119051065138,0.001157371866979248
1,2,1,0,1,766,0.5123664214717977,0.06373202933128137,0.0003291426008091984,789,0.5049236739634737,0.10907151406696287,0.000293222336815376,783,1.0960998479028468,0.3085704441053906,0.0014651434247376978
1,2,1,0,2,119,0.5185653871982528,0.07132422200307513,0.00021285804475906732,125,0.5334831268708317,0.10418597523946957,0.00019918194685205216,118,1.1175092903459245,0.3228227867675453,0.0017363538323932075
1,2,1,0,3,41,0.5361716556031546,0.06683481990207381,0.001520751326484287,41,0.5311660271417488,0.10864958098941717,0.0018222093117791066,41,1.2389193160679826,0.3298041058206465,0.008258803621269295
1,2,1,1,0,740,0.512333932590405,0.05138668532509297,0.00035412080882006434,756,0.5055521076372262,0.0941379355527937,0.0003216581383061467,751,1.1172530647587666,0.2534093350877586,0.0014874767304511797
1,2,1,1,1,1711,0.4991171157603224,0.051301862292296885,0.000215464608537739,1744,0.483227317593387,0.09644541921860121,0.0001671986794082803,1744,1.0599951537977685,0.2403421913064941,0.0008749669821335045
1,2,1,1,2,132,0.518709232062328,0.06495619023346995,0.0004019952894091658,133,0.5393114257817151,0.11054794242858712,0.0004616697800492886,132,1.1518418707193556,0.31299288703377415,0.0026901983726539055
1,2,1,1,3,58,0.5287715607541945,0.05067516386606493,0.0011015518639088389,57,0.5160884785376312,0.10023014653368549,0.0014496410743795709,58,1.2266242808204293,0.26737207979168814,0.006776681930495499
1,2,1,2,0,1181,0.5260341593761126,0.059567050653014854,0.00040077174298087514,1217,0.49335519689323276,0.09057175753786838,0.00028411051213868326,1162,1.2382147018686658,0.3224759595741487,0.0019146075825351113
1,2,1,2,1,3027,0.5165210229787406,0.0556115284181952,0.00021570476091700672,3101,0.4727989041257925,0.08709596039934282,0.0001526810124779377,3011,1.2021695218765465,0.3061060959937899,0.000996949018311281
1,2,1,2,2,160,0.5482024332186237,0.06724758852635962,0.0012582329600439983,172,0.46008145875314843,0.09568722067022571,0.0010802814234846685,153,1.3120647356579678,0.3284585570251517,0.0077285486116519374
1,2,1,2,3,53,0.5433980070317769,0.07676561622816283,0.001715103251781171,58,0.44048407048832217,0.11515911443196217,0.0017338509717146437,51,1.3318322307079082,0.40136863691538516,0.011050870138311493
1,2,2,0,0,944,0.5205110933718169,0.06021028035487223,0.00028232638936477426,976,0.513699101076526,0.10447166801016909,0.0002687702362201413,953,1.1385445655341422,0.2867839206984186,0.0012719089392712504
1,2,2,0,1,1196,0.5188164862576855,0.06078851765608373,0.0002019490401830162,1219,0.5157057103958788,0.10133557011788522,0.00017364826546649177,1206,1.138835273486347,0.2911446641658452,0.0010382318753828564
1,2,2,0,2,1158,0.5299151883956361,0.06491049479774827,0.00021557915958417162,1178,0.5361221744642943,0.11719624324737139,0.00018165520421023612,1155,1.2038308098401593,0.32058179278088966,0.0011051471215703143
1,2,2,0,3,538,0.5306535769021621,0.06732330816769373,0.0002924123213883267,559,0.5304517120555905,0.11636746628826018,0.00032434569969439343,537,1.2151272168442964,0.3298165200930105,0.0020274986467940666
1,2,2,1,0,1450,0.5144353947939513,0.051284347455126875,0.00019953662614873268,1453,0.5059321903534824,0.0972965696917317,0.0001668967693606293,1448,1.1513788706567138,0.24972897068098268,0.0008991174258461313
1,2,2,1,1,2229,0.5132352768159881,0.04963983640394857,0.00013491744009142776,2249,0.4957400167784791,0.09632753415079506,0.00010251284238627874,2251,1.1447225893494881,0.25223175781024026,0.0005414068641320977
1,2,2,1,2,1222,0.5232331118608203,0.051532650717686874,0.00019288985283935975,1224,0.5528359687844348,0.1048029939904337,0.0001834657467561479,1235,1.208851776736192,0.2713252618714233,0.0011035665080581535
1,2,2,1,3,693,0.5213115092019486,0.05576721390098794,0.00025614479928950576,694,0.5421592478514751,0.11083369410262225,0.00023454350228596055,695,1.2042016160504645,0.2827495032934598,0.0011361505023849772
1,2,2,2,0,2449,0.5397147397955838,0.05873083005151065,0.00018829217711558506,2505,0.5103872195126934,0.09652211489176987,0.00015233624286277366,2232,1.3456989993564297,0.3408795007308623,0.0010838910614312553
1,2,2,2,1,5067,0.5358146822627774,0.056628464428804315,0.00011602866635015892,5147,0.49890463623609405,0.09437557646158204,8.048703230434175e-05,4793,1.3363025834305724,0.33181120965503985,0.0006057649073275877
1,2,2,2,2,1828,0.5397694237374958,0.05615265287183181,0.00022694517284994537,1875,0.5183810233809161,0.09603910839148634,0.00017179425985699092,1749,1.350566638150804,0.30703519451730105,0.0012524042468539272
1,2,2,2,3,870,0.5394879385098735,0.0634170855593656,0.0003930284524843448,905,0.5097312489656395,0.09764452006149844,0.0003176085923355546,814,1.3429964486626174,0.32619778879639105,0.0024325151918934244
2,0,0,2,0,502,0.6062577272478805,0.057295579742553567,0.0014060114322072335,641,0.5561197573673771,0.11111921646313809,0.0011359062428706608,378,1.6421249039274872,0.3122924765678433,0.010554440572657258
2,0,0,2,1,685,0.6066903573510724,0.056988644912760206,0.0011873706309681322,930,0.5457430378085444,0.11761976101705501,0.0010020098271567035,484,1.668889350463384,0.3244421566567192,0.009857519411187399
2,0,1,2,0,11,0.5689707961117388,0.05271363983413005,0.008476167033866973,12,0.43650846828350093,0.07699140701262752,0.0065499609532528,11,1.4562872988386437,0.327964335478268,0.06454104128560746
2,0,1,2,1,13,0.6089296579585693,0.058698639013397766,0.005306031989353483,14,0.47636692171338535,0.1308959240486462,0.0053275830644194085,10,1.5872887761703547,0.2842275582867922,0.033120677272177046
2,1,0,2,0,296,0.5971288398051819,0.04850944181425978,0.0015033266120814243,358,0.525047052808965,0.099927815117846,0.0013563559267234671,253,1.5647395283144598,0.28281641944977753,0.011238021378332033
2,1,0,2,1,437,0.5880831962680528,0.054821722218966154,0.0013217717494976465,492,0.49694617167043614,0.11025212789289762,0.00102205747273703,366,1.489288437055322,0.30508904486215455,0.00937018765355982
2,1,1,2,0,36,0.5680281735830772,0.05634683771631386,0.0018523182864236636,42,0.5203331361333198,0.1014567700962803,0.0015228112573374098,34,1.4323802216023176,0.3250827010258326,0.012665437036511086
2,1,1,2,1,63,0.5805766158638105,0.060949228221247716,0.0026428332140519544,70,0.5138440876869904,0.11241282364786698,0.0024043736509428747,50,1.456513569929178,0.3304661518961927,0.01703975709273211
2,2,0,2,0,44,0.5731504078246209,0.047682381588073884,0.004421031770297844,49,0.5200162970089736,0.10188002854615455,0.003442580439774455,43,1.4266659618625317,0.2846611373994417,0.02998060320966347
2,2,0,2,1,90,0.5706211883962514,0.058694591582094814,0.0024731012059811203,95,0.4893247386907037,0.10320593128286519,0.0021718028716584876,83,1.3995159630509555,0.3296319619073856,0.016171415073890222
2,2,1,2,0,55,0.578872789695193,0.056266770069062125,0.002650274265151422,59,0.5024487554640681,0.10855298895855697,0.0024434902525244983,49,1.4504743052089084,0.31538654292199175,0.016268762078298468
2,2,1,2,1,87,0.5527524916232718,0.0590120715496026,0.0013545979066195005,90,0.5095718347102504,0.09947394372239657,0.001176256624175072,79,1.2944991086693403,0.29066099859855726,0.009882310892287308
2,2,1,2,2,18,0.5569691261218501,0.06406013662029975,0.004579480894300033,17,0.4365223942408769,0.0966369500811788,0.003631139262466826,5,1.2050934640953672,0.5458612828357624,0.058370030007521126
2,2,1,2,3,9,0.571810755911789,0.05734335636896608,0.0053012342258837615,9,0.519988242044417,0.12759631222958673,0.004831705272669001,1,1.8802570065345503,,0.0
2,2,2,2,0,23,0.5538348971071614,0.05769105834575486,0.0031879252217236753,25,0.5600430522447675,0.1173154168941618,0.0021649823100581165,22,1.4026500622054225,0.29914294180751216,0.022359039551892713
2,2,2,2,1,29,0.561869533977925,0.06293538723197675,0.0,29,0.5678535423295871,0.09539971000689663,0.0,24,1.4827856433842832,0.3651114894441278,0.0
2,2,2,2,2,145,0.5794816216052425,0.05472906854136033,0.00048559342537699864,146,0.5380424068922525,0.09214551714526373,0.00023682062423060031,84,1.5899344048864021,0.2746953650634604,0.003914533196019631
2,2,2,2,3,105,0.5680228674851988,0.05161256347317056,0.0008855291664555813,108,0.5375228268906104,0.09198302794928263,0.000957219178430878,77,1.617199825937646,0.31147792623628673,0.008561787835326597
3,0,0,2,0,527,0.5906286279125061,0.06005769538932712,0.0010125169786157145,654,0.5762810914167241,0.11328209574037984,0.0008442604674389077,386,1.6287579958927745,0.32682923197917996,0.007763343647434589
3,0,0,2,1,537,0.5952335410437479,0.059824515023881766,0.0010677582517771144,665,0.5723318113784901,0.11562939903047706,0.0009260551159869938,353,1.6407948238647685,0.3109231498664887,0.00870537654442993
3,0,1,2,0,26,0.6037616556411672,0.055529023246037236,0.004416120034633243,35,0.48124110579665363,0.15206771539319897,0.0036167607812172637,13,1.5859498724161993,0.245119742902564,0.03872616316985651
3,0,1,2,1,28,0.5916055301850475,0.0662082680259982,0.00526390772623534,33,0.4405132648898301,0.1299125210133168,0.0037271520035591058,22,1.6485400689113034,0.3115672016452026,0.04167013818887825
3,1,0,2,0,136,0.5923163875768965,0.059676015059151856,0.0016897990016418157,181,0.5583583980768669,0.13002504737422346,0.0016424170986855055,94,1.5252153380531872,0.34109765316046925,0.013660631156162966
3,1,0,2,1,159,0.5721983201909787,0.055984834092842696,0.0015539229704244488,181,0.4955387859277076,0.10751460843478301,0.0013650411524429426,124,1.4196709630629822,0.32570670498643245,0.012194499338932708
3,1,1,2,0,86,0.5571811589540194,0.06145721075828231,0.002045018333772342,100,0.4924370850475105,0.11049542443520013,0.0016932103324970007,73,1.3479946575562285,0.3334305716391261,0.01194950446228158
3,1,1,2,1,122,0.5745029209015949,0.05760895444541297,0.001683295206170414,129,0.5089206694725964,0.11869132023664465,0.0015970935761764364,93,1.4950727221125502,0.3711699854500352,0.013205768203004762
3,1,2,2,0,2,0.5701482522030851,0.010970416911398086,0.0,2,0.4817433550392507,0.05721286307418877,0.0,2,1.3769687771166588,0.060861081469099895,0.0
3,1,2,2,1,4,0.5455286289305534,0.1066837281709311,0.014755563616340298,4,0.5058156155026623,0.023754669488516067,0.01133923628569343,3,1.1428670437920512,0.411236735010401,0.05198602407498809
3,2,0,2,0,19,0.5696195728382665,0.05104635518132798,0.008299291974842495,20,0.5094684360579876,0.12626200889583772,0.005077726539013458,17,1.3401664027865996,0.21057440488220375,0.043929485112036405
3,2,0,2,1,33,0.547188956087671,0.06721394249047699,0.0032452509096139322,34,0.47260387244945834,0.08621151614750629,0.003125963139157717,28,1.2266675132524176,0.2326056557813197,0.018978959633290306
3,2,0,2,2,1,0.5716731480830226,,0.03928018623939067,1,0.293819490576487,,0.017736566474220283,1,1.4387460257096472,,0.23371622460236074
3,2,0,2,3,2,0.6574388882701943,0.022802666690912462,0.024466249719518163,4,0.44874065810312935,0.16512687330327525,0.013785989609191087,2,1.9977357765526218,0.19995078968771568,0.17602392292845948
3,2,1,2,0,68,0.5348165629967889,0.059899615491473206,0.0016236685056057083,69,0.5135695781933237,0.09480845540312001,0.000976693574965734,65,1.2702772183567173,0.3042922884104571,0.006349601858501215
3,2,1,2,1,62,0.5410606730656357,0.06268316010316577,0.0012884086559795114,63,0.503900042632512,0.10594066130957501,0.0008345063034802908,59,1.2967247151588739,0.3756812406176575,0.007871338060071374
3,2,1,2,2,3,0.6265582686280847,0.11049163508784911,0.009744569722495796,4,0.35836753955367906,0.044316709015045704,0.015341818518429638,1,1.2666809571381652,,0.0656137960589167
3,2,1,2,3,2,0.6125642330353662,0.08361255815089995,0.01955297236303305,1,0.3278230197866719,,0.0,1,1.3609738695670757,,0.0
3,2,2,2,0,118,0.546063356839434,0.06158091855051728,0.0006663356745287192,131,0.5332697563525582,0.10145780872477062,0.000638783522478159,105,1.3853086363638538,0.36349925724039556,0.004185128901556223
3,2,2,2,1,113,0.5466912955663241,0.05704058869299694,0.0010931236767879708,115,0.5247733071621505,0.09516405275824291,0.0008228833044991497,96,1.3364226887371775,0.28968514431334735,0.006827107358618036
3,2,2,2,2,162,0.5571451846363729,0.06648116495653247,0.0006934864041898792,179,0.5123521524020016,0.09851743601303806,0.0008578320494616137,113,1.49503535226413,0.3635704610323956,0.005151556846590551
3,2,2,2,3,143,0.5547230976114801,0.06610157567329318,0.0007177771522598505,146,0.523123058082235,0.09537118796971512,0.0004679917292421064,105,1.5000949575396307,0.3401217261677118,0.006892395783165617
4,0,0,0,0,2,0.6155319629431836,0.0003549021872681083,0.0,3,0.6157949688346439,0.14320188446273524,0.0,2,1.7000785138074845,0.11905450034248778,0.0
4,0,0,0,1,3,0.5282967293132717,0.03611991932094105,0.0,5,0.5658345084924554,0.18382237493803824,0.010810895749269012,3,1.3673672327301738,0.3018184341448491,0.0
4,0,0,0,2,3,0.5641264646965215,0.02348305157941566,0.0,4,0.4205921295415467,0.08803026570008667,0.0,2,1.9025139582247947,0.0009367272396014398,0.0
4,0,0,0,3,6,0.5586416260552608,0.07333912039938975,0.0,4,0.3861133491919513,0.14876163881267007,0.0,5,1.5474533214871589,0.2790112273654186,0.0
4,0,0,1,0,1,0.5736523880426746,,0.0,1,0.7442330904025426,,0.0,1,1.4920255322121585,,0.0
4,0,0,1,2,5,0.5732732302127106,0.07110257792375617,0.02483127815128923,5,0.28861740809295405,0.11465637988250661,0.008053660011250796,2,1.8038603926971981,0.0037483355601978584,0.2492184898934372
4,0,0,1,3,3,0.618747419027699,0.08713251408935098,0.0,3,0.29770754110126346,0.009598582894511595,0.0,1,1.9909988973003387,,0.0
4,0,0,2,0,26,0.6329477160137681,0.07090383349023355,0.005422452235349882,61,0.3784706280951858,0.11168478734992983,0.003699738363460093,3,1.6968368495151278,0.18799346759974336,0.14156409083431626
4,0,0,2,1,50,0.6265811403767426,0.06409347398283863,0.0036054540605207942,100,0.45408967837365355,0.13353027323295963,0.002843386090073499,3,1.3160125938907492,0.5537448930727739,0.07331027023719731
4,0,0,2,3,12,0.5643361279060297,0.048174973143114135,0.012737144432114053,22,0.382288001274749,0.09261963119447768,0.008877415091888512,2,1.9323556531988444,0.07410229237968177,0.0
4,1,0,1,1,1,0.4959182396821657,,0.0,2,0.7124727294991379,0.03324968687628701,0.01933386972228701,1,1.067411057978384,,0.0
4,1,0,2,0,9,0.5925957065315192,0.05175143151078174,0.0043962712942132885,11,0.4610262842501299,0.10863916660632122,0.004703390648724402,1,1.8402863582968232,,0.0
4,1,0,2,1,31,0.585221319191555,0.07170073923177162,0.003473685464207405,48,0.4527877932063909,0.13281817167894128,0.0032787348287649475,5,1.7368914592868492,0.4137197293002318,0.0
4,1,1,0,1,1,0.4658430333371571,,0.0,1,0.5912119551395825,,0.0,1,0.9224984083846448,,0.0
4,1,1,0,2,4,0.5908956670465395,0.11130136298724601,0.0,5,0.44789148606762297,0.07456143723381327,0.010526315789473707,2,1.6343436759200314,0.5722698450955725,0.0
4,1,1,0,3,9,0.5869582235136366,0.07899103033011685,0.005067179085633169,14,0.39466626285179546,0.1570162405084705,0.002304147465437792,3,1.4814877554536132,0.3530082454661967,0.0
4,1,1,1,1,9,0.5858051997627362,0.055956866369197326,0.0032300052782702204,7,0.3916557304925902,0.07775075518288661,0.0029755178075782573,1,1.7985047828398346,,0.0
4,1,1,1,3,5,0.561789457970563,0.08435235884323845,0.010103325215740689,5,0.3203340718993177,0.06028561156774188,0.007407407407407379,2,1.622056267691992,0.40830799064612283,0.0
4,1,1,2,0,5,0.6066914046169443,0.1047672078403718,0.01622359462664511,8,0.4062829635333358,0.12275182925155156,0.010210209919080929,1,0.938314238002753,,0.09888508086730241
4,1,1,2,1,36,0.588293054812771,0.059662431891100064,0.003010005704335385,42,0.40005062675055614,0.1058797566325723,0.002583183396929655,5,2.015063178979105,0.25682497413839495,0.049191978730359055
4,1,1,2,3,8,0.568490781843402,0.061272246713898415,0.010860743930177054,8,0.32427892604711894,0.05956976253574785,0.012620541926945257,1,1.8388198525663493,,0.0
4,1,2,0,3,4,0.571884418361259,0.07727918406383032,0.0,4,0.5244973525276012,0.15195052955346702,0.0,1,1.188661134111079,,0.0
4,1,2,1,0,1,0.4758565350365155,,0.0,1,0.3943148554056606,,0.0,1,1.3621934884228422,,0.0
4,1,2,1,1,5,0.5344196097573326,0.05274156486855723,0.0,5,0.4006073927767778,0.09505609266939499,0.0,1,1.9572781669277557,,0.0
4,1,2,1,3,6,0.5825146662444516,0.03563156362941506,0.0,6,0.488667542440528,0.11134968718418903,0.0,1,1.5976999772897422,,0.0
4,1,2,2,1,16,0.6086222299530235,0.07396293810658855,0.0036413654741207025,18,0.47207761106708673,0.1392376960453069,0.0037205861403162704,1,1.2999367213221944,,0.0
4,2,1,0,2,9,0.5606445663271575,0.08090500788002157,0.004604001899470744,13,0.42905555704280196,0.14918355363873695,0.0021035515276736595,4,1.6134734404794062,0.0522910029133608,0.0
4,2,1,0,3,6,0.575839560167029,0.07864948608763506,0.011304947594250202,5,0.48694123452384963,0.16478137062364032,0.0,1,1.5659511625737583,,0.0
4,2,1,1,1,6,0.5089377391066655,0.04745364370184206,0.0,6,0.43127362662832236,0.07795730014367613,0.0,2,2.060517729920412,0.1826037975178175,0.0
4,2,1,1,2,17,0.594556725387401,0.0744552665812829,0.005893091890301832,14,0.45347480484926744,0.15300111441618872,0.003539428401465749,3,1.5726037216345958,0.09729688193665981,0.0
4,2,1,1,3,17,0.6085985054534334,0.05525574450551208,0.0053016330400849545,20,0.4524002470331182,0.14931871525809032,0.006863698269053366,4,1.8977685389962746,0.13927699506617994,0.0
4,2,1,2,1,20,0.5834521530855875,0.06631245084452089,0.0032351435458908414,20,0.416108487384499,0.07858882968874095,0.0032149745260080173,4,2.0765042986070137,0.088728460933363,0.0
4,2,1,2,2,26,0.5664721958045263,0.06439540979062375,0.005306767007432739,29,0.4226695449870873,0.12774468427354213,0.004607147730128142,7,1.5270172445110641,0.3436599918821728,0.06075848453033569
4,2,1,2,3,46,0.59821288024217,0.06852308431602043,0.0048543179184393345,43,0.41996889477812543,0.11526225485814584,0.0037298273524523444,5,1.746991849262122,0.2634682975177149,0.04960987606880427
4,2,2,0,1,2,0.5080960435110734,0.12634638795814357,0.0,2,0.4105934995372304,0.06275741203686201,0.0,1,1.488983460716786,,0.0
4,2,2,0,2,4,0.5135521073878607,0.01908532172235996,0.0,7,0.476655352496208,0.15479214679165712,0.0,3,1.4884866629695477,0.5458849537655888,0.0
4,2,2,0,3,28,0.5758830355797765,0.09101440713134709,0.001837570250514467,36,0.4377522987663601,0.13893047087458937,0.00458146312552077,14,1.6576615639075152,0.3283739766664085,0.06099752234336442
4,2,2,1,1,11,0.5504068550636807,0.05448764364774511,0.001464318047757939,13,0.429325127247969,0.10578801302528562,0.0017270051762289583,5,1.8917127328490018,0.1752596149261265,0.0
4,2,2,1,3,21,0.5900865635980124,0.082490229458978,0.006320513468662416,34,0.3902633581853711,0.12122252655998916,0.004445497687505719,4,1.9961833177231898,0.11464518011708555,0.0
4,2,2,2,1,44,0.5874120131468326,0.07096665680125736,0.002020225848018075,44,0.47707593892989997,0.12007888582922879,0.0011971946347449141,8,1.8321548551744988,0.24818459005944535,0.0
4,2,2,2,2,81,0.5694808123820789,0.07310434069577029,0.003375589188082147,75,0.35511108304256483,0.09987110270118787,0.002509813687530878,13,1.8147457228452581,0.2750013359682312,0.068110651933637
4,2,2,2,3,100,0.5715991167883421,0.07440103003371887,0.0027163456136840985,101,0.38156743252738445,0.11580574309682015,0.0016595157163590741,9,1.6964210816409284,0.3326491642508401,0.07617549911783189
5,0,0,1,0,1,0.5784580778468004,,0.0,1,0.5749854294091489,,0.0,1,1.611177271017234,,0.0
5,0,0,1,1,1,0.5826604148038003,,0.07296478542009632,1,0.4435836272245005,,0.08154290306425471,1,1.732296646631476,,0.44548712763295106
5,0,0,2,1,42,0.6156733327247339,0.04727069686217084,0.003911771587088547,77,0.4941138664418032,0.14732150158339416,0.003203541605919291,8,1.9527921385933578,0.1701673039673519,0.048967547948349226
5,1,0,2,0,8,0.629673833264744,0.06840201180696756,0.008802953503812714,15,0.4500826533172884,0.15812471729585775,0.006931022276314084,1,2.1387360101618555,,0.0
5,1,1,2,0,39,0.6007377186082272,0.05821668624859836,0.0031106240871016395,52,0.40633442349469195,0.10820822914982482,0.003298009473127429,2,1.984041677145208,0.09997314065273717,0.17493145248469352
5,1,1,2,1,52,0.6058588914920816,0.054783279572533525,0.00347048920615577,65,0.4223416128391892,0.10838024674455156,0.002655231319663885,2,1.7250576810727378,0.2434289421770592,0.0
5,2,1,2,1,30,0.5702875543818993,0.06601428656712745,0.0037572786868613774,31,0.4307940193769386,0.10152047466006998,0.001982128156067973,4,1.7530717919267629,0.14090690067857806,0.060472664837172174
5,2,2,2,0,54,0.598352564669854,0.05318228088283382,0.0024031931076859015,59,0.49412777735095376,0.11404006098155163,0.0014759543028178255,13,1.9305259482225452,0.1844209943126603,0.02031262961689986
5,2,2,2,1,52,0.5908567869786928,0.052052368847753716,0.0019290001326562358,61,0.463003807905523,0.09489839836966295,0.0015132573151686061,7,1.9042290000982847,0.33616056175358605,0.07527201493560474
5,2,2,2,3,3,0.5511411380083795,0.049226468183013905,0.0034629507244109217,4,0.3974917565740068,0.10978612339381542,0.00962655386026309,1,2.14872489250306,,0.0
6,0,0,2,1,26,0.6362932629937117,0.050272337536852216,0.0053286063781195995,69,0.5617909954594872,0.15404895717986983,0.003204683023785403,5,1.9263758587200104,0.19633439537045075,0.0
6,1,0,2,1,36,0.6059783606150084,0.05805383404802967,0.0029255048601625755,75,0.44749814614366384,0.15168114384793702,0.003077867276666476,2,1.6339606386796584,0.06999495880419426,0.0
6,2,1,2,1,3,0.6568845425577522,0.04337377995074323,0.0052497802822433215,4,0.48784175302150906,0.15585550432941347,0.02051338711048591,1,2.0711574945160343,,0.0
6,2,1,2,2,69,0.6095591926794055,0.06422281133036195,0.004464309403055307,67,0.4638380380463719,0.1261912671325696,0.0029496390035735763,7,1.7915784866997964,0.3736585502707594,0.16339954368603382
6,2,1,2,3,76,0.5921154040722639,0.07765111492649453,0.003391621257249093,79,0.42492069940394034,0.14204420592444322,0.002760522508295679,10,1.8419044623809757,0.383360265668511,0.07401130474831955
6,2,2,2,2,17,0.5889511109066922,0.06259442582353845,0.009371999235401338,25,0.4125214731612139,0.1104804383744461,0.005049330152898702,1,1.749507975080321,,0.3402463135564411
6,2,2,2,3,44,0.5921779855761297,0.06361173605598304,0.004532721063746439,47,0.39118533631934976,0.1148656680396745,0.002496868855607965,7,2.0255105890656044,0.12185012355265817,0.06965497662651048
7,0,0,2,0,12,0.6300108755310267,0.051201956141565155,0.006352334994935343,39,0.5341544093749933,0.15920411026407943,0.005003353514669543,2,2.070250609793419,0.11906896160591925,0.0
7,0,0,2,1,17,0.639330402044061,0.04482457569329779,0.006556737968346655,47,0.5290303738825486,0.15298565673302197,0.004037351509183401,2,1.8722440319846876,0.18177140904745656,0.16155891891907403
7,1,0,2,1,8,0.6377176454068468,0.08124549232723913,0.005007586575723613,21,0.4223055552925391,0.13633723217143168,0.005839392166065827,1,1.828260854879032,,0.0
7,1,1,2,1,4,0.6160495948126365,0.05226279666310477,0.015827659072226687,15,0.4387240950572958,0.1664950778569579,0.009233519539541797,1,1.913551553883076,,0.0
7,2,2,2,1,12,0.6098165150367674,0.04780473470522662,0.00305222110760151,21,0.5177964173939564,0.12174372095398783,0.003146797983130132,1,2.0686052695225503,,0.2349628958668908
7,2,2,2,2,9,0.6080417820068275,0.06537474729935401,0.00568948425673617,17,0.4696130036840919,0.07255972294491475,0.002742483263977586,3,1.9571901776243141,0.1118822438640941,0.12112850289253714
7,2,2,2,3,14,0.6078911790994166,0.0827316520976228,0.0036071144143628607,22,0.46403393071644755,0.08356408763763576,0.002088151228641506,3,1.5737739564452558,0.42261303238632614,0.0
