glacier_type,temperature_category,slope_category,aspect_category,AAR_n,AAR_mean,AAR_std,AAR_1σ,THAR_n,THAR_mean,THAR_std,THAR_1σ,AABR_n,AABR_mean,AABR_std,AABR_1σ
0,0,0,0,2441,0.5616587009583915,0.06383285815540912,0.00042484886032379145,2516,0.5186947564120529,0.12202330311630886,0.00036504937922665447,2208,1.3817595984749174,0.3465476125594628,0.002626792133282937
0,0,0,1,4446,0.5599252351653796,0.0635010963949891,0.00032174562904247443,4621,0.5197157589342155,0.11675649129655953,0.0002687278654479132,3989,1.3977006325309638,0.3504087083522375,0.0020116852163762676
0,0,0,2,46,0.5678381739776266,0.06871113723216864,0.0064315225285711385,48,0.40547193600061887,0.099182232054833,0.004959046303954986,37,1.4765969026993304,0.3753275684385502,0.042893979214765135
0,0,0,3,45,0.5685221335410376,0.08704103408127299,0.00459711954638377,50,0.44434142238050794,0.12580638351114753,0.003559549902110895,33,1.5436981669476124,0.36521692207309076,0.03643108826037834
0,0,1,0,1422,0.5658165961010929,0.060769487066929855,0.0005804316941018703,1500,0.5165657407505015,0.10998876136199685,0.0005573961772368753,1341,1.4084486478446623,0.3346744098825578,0.003838721566052898
0,0,1,1,3687,0.5610518533660598,0.059486977705124525,0.00035451439483641107,3901,0.5048888899188818,0.10630544223236509,0.00032775752412883004,3431,1.3933525599834384,0.3272092507754181,0.0022819698422618427
0,0,1,3,1,0.5767912387628947,,0.0573366516069751,3,0.3572287653533974,0.11387875977672704,0.009251224637371528,1,1.5671950099511458,,0.32356054011189883
0,0,2,0,2022,0.5784730651170236,0.06037497117147467,0.0005277035671773218,2202,0.5258831795639352,0.11351203326526348,0.0005073011498949738,1913,1.4416630685183123,0.33416498221347185,0.0034892365644518353
0,0,2,1,5559,0.5725274050366798,0.05443806164673268,0.0002915976664741113,5800,0.5220899540411468,0.10021029831869671,0.0002793554579472439,5322,1.4153041390177776,0.3030823358171547,0.0019220986678146314
0,1,0,0,3865,0.5377984676318501,0.05647080931690575,0.0002163719800449739,3915,0.506402183095328,0.11363641244385561,0.00016847572728109252,3781,1.2508840636674592,0.29333644651221025,0.0011277312010402009
0,1,0,1,7737,0.5368556639777087,0.054787199176726836,0.00015269725583077692,7858,0.4985959076549779,0.10496119071144921,0.00011460190270511325,7574,1.2408121419679212,0.2979572116994656,0.0008593384790849593
0,1,0,2,136,0.5469330431232072,0.07546812968922754,0.0012615015072790603,142,0.47940967203978313,0.13127015532800487,0.0010137712895287667,123,1.265333489081871,0.35901538292731994,0.00892045798489879
0,1,0,3,126,0.5529898720806169,0.07230980815521466,0.0020123318398100718,139,0.4655074424701229,0.14013538601489214,0.0017250058312723105,94,1.4054122819324086,0.3846033484801449,0.01470808233737499
0,1,1,0,3649,0.5426438197918874,0.05648154813702133,0.000194987726083582,3718,0.5186469385968903,0.10646091737604656,0.00018710383187342324,3592,1.268358310769167,0.29562453237084285,0.0011244990005867242
0,1,1,1,12371,0.5320438155781692,0.052141396942258215,0.00010596400230861401,12469,0.5015980718231462,0.09710217169495167,8.6683486288497e-05,12266,1.2095765309587154,0.26774040780586106,0.0006070662684066745
0,1,1,2,23,0.5432670905970614,0.05504076100701031,0.0033415661252573178,24,0.4745294632920843,0.1337243222696717,0.0024724989173701794,23,1.3477680546531168,0.35749647491463143,0.019836545748413162
0,1,1,3,12,0.551341241387359,0.05141104015331204,0.0,13,0.5037320996553223,0.12419185415061432,0.0,11,1.3862534440046441,0.23715581205351574,0.0
0,1,2,0,3802,0.5576089671308581,0.059352857145399125,0.00022843045290970245,3957,0.5311829735900692,0.10382433918366207,0.0002357536138849822,3688,1.3388992615244661,0.3144098133809556,0.0014588693095605807
0,1,2,1,16707,0.5470334429399102,0.05271985891528905,8.913052123658683e-05,16831,0.5305961593306575,0.09582614522707861,8.326845867715317e-05,16501,1.2846373118446826,0.2749193547504782,0.0005510984887812364
0,1,2,2,15,0.567443257323336,0.060791643306220604,0.0021853648735527197,14,0.47322891579840404,0.060117160559621456,0.0,14,1.343967731514412,0.29175318234326475,0.0
0,1,2,3,9,0.5042296394554213,0.08328220925107667,0.0,10,0.5191705860106304,0.09965389842920987,0.0,9,1.244781751434171,0.3529037875672882,0.0
0,2,0,0,6304,0.533092806915889,0.055619651989982824,0.0001032525818691091,6410,0.5101269993219367,0.11350753862754348,8.175706948289849e-05,6272,1.2241782445112257,0.2897680583250784,0.0005437391533328409
0,2,0,1,12095,0.5292026189093246,0.05410652053473017,8.008947217440347e-05,12257,0.502435426171833,0.10816709208305199,6.0394679387450836e-05,12033,1.205183628676078,0.2811164573131642,0.0003917288860193404
0,2,0,2,1840,0.5364201825313883,0.06557376292954892,0.00020293475733229631,1929,0.5335872935514815,0.12230184742693101,0.0001799758977916268,1829,1.2390949313129676,0.3411087388070312,0.0011793691830400523
0,2,0,3,1132,0.5414145587085839,0.06755780772163926,0.0003214773390955237,1174,0.5299340258720768,0.12341698983111436,0.0002561093933755241,1095,1.278826851655485,0.354806175242736,0.0019262601176056567
0,2,1,0,6944,0.531017109256593,0.05090015885084613,6.69105670661217e-05,6996,0.5222063111192347,0.09692259079441139,6.048775489260713e-05,6903,1.2304129956651497,0.2667779356230138,0.0003662140714449447
0,2,1,1,19472,0.5241647241089533,0.05042627839794991,4.4010244496924504e-05,19677,0.5065391060776132,0.09608965246332436,3.664710636128921e-05,19466,1.1885977926951785,0.2631506453428994,0.00022378337567105706
0,2,1,2,3255,0.538060757770354,0.057514538182033066,0.00010858913805672114,3274,0.552632531882799,0.10567648011819232,8.654045777783163e-05,3202,1.269985690950233,0.3061493817233116,0.0006637146444277745
0,2,1,3,1450,0.5374998878701718,0.05882865241731197,0.00012221123859538526,1465,0.5432884184993245,0.10739328919699477,0.00010782436041250918,1423,1.2749700954843954,0.3083623660253425,0.0007468924404539507
0,2,2,0,5700,0.5346181652818572,0.05412888602262581,0.00010590419812214618,5778,0.5301849825563033,0.09415145557399816,0.00011202435839584539,5657,1.2462783549942826,0.28362474582459607,0.00064123111394374
0,2,2,1,19413,0.5297018225390656,0.05354401935201838,4.324704357343183e-05,19601,0.5232731113664723,0.09643698890388717,4.17334159239501e-05,19374,1.2176311827720998,0.27345058677860395,0.0002560380530196725
0,2,2,2,4530,0.5371698555680796,0.057922053879069846,0.0001032971084541146,4577,0.5433063405678005,0.09888561643684465,8.69615743685067e-05,4483,1.2667018584633152,0.30496411294170134,0.0006286775945562077
0,2,2,3,1870,0.5369209307126532,0.05974450071314304,0.0001647794533497089,1901,0.5353593204839328,0.10194197684642581,0.00014041104025463012,1849,1.2743830465022907,0.32687950530110915,0.0010785631941712698
1,0,0,0,1467,0.5626889801816245,0.06339810550435124,0.0005840577891367264,1592,0.5286592008601337,0.11438895603785823,0.0004983543990293707,1200,1.4274853374571554,0.3411010789097657,0.0037954643004723264
1,0,0,1,2756,0.5583264271581043,0.06445374095453688,0.0003964882712337818,2935,0.5244192806664295,0.11990140391968224,0.0003275058915606012,2328,1.444381163559653,0.34593342726040255,0.0024797885219583473
1,0,1,0,373,0.5733293976805408,0.06858353424799447,0.0015229520562116516,430,0.4815836922741182,0.11286229594221217,0.001227391082495416,316,1.4630283018958725,0.37624472063140285,0.009904477830453418
1,0,1,1,755,0.5626559669742142,0.06907562874662841,0.0010256629161592237,873,0.4670600581296151,0.09890287567039195,0.0007991373315035468,670,1.446948289636592,0.36308148009470936,0.006944488784481175
1,0,2,0,205,0.5857571170190723,0.06196600684943293,0.0020386856855093634,247,0.47530662150290004,0.12143052183901304,0.0019340560376484683,181,1.4931731938119743,0.33946046469958385,0.014372964624282603
1,0,2,1,359,0.5836664909911745,0.06712046975107923,0.0017169234581489304,427,0.453190104084037,0.10099708749604402,0.0013952254087591283,297,1.46196779954185,0.33732413522266175,0.01163147366395156
1,1,0,0,2055,0.5352848691517795,0.060403925096693636,0.00035013174762662044,2119,0.4904948067200364,0.09942205982072441,0.000280446257337117,1912,1.276270455345025,0.3532422047023704,0.0018307114442095516
1,1,0,1,4118,0.526101205576183,0.06070557753796223,0.00026886672190060124,4229,0.4773885254856889,0.09427438818175526,0.0001852645933280344,3890,1.2273702474059611,0.3412275628721864,0.001386882423202713
1,1,0,2,46,0.5231885824626284,0.05792610702732664,0.0012618296595787103,47,0.4259635111804341,0.0906026154445684,0.0010426492694616816,45,1.1254394275146014,0.2566605917538353,0.0072599766001430616
1,1,0,3,22,0.5224206166018046,0.07007389742326665,0.004676862767601147,25,0.4433595205976096,0.12322716414160624,0.004753103048475931,22,1.1579637064439807,0.3215825771464792,0.026130085471339718
1,1,1,0,1027,0.5332688325392203,0.06270764894160595,0.00046857404906076823,1082,0.48655212712238,0.10453601817519999,0.00037393935914332066,1003,1.2559871405289231,0.3432463539597609,0.002629146850685753
1,1,1,1,2787,0.5211785691527605,0.05890700969592265,0.0002896543998612093,2879,0.4671787895697012,0.09553294463074993,0.00022089816188920996,2754,1.1836472045044908,0.30919278594174604,0.001641814893628026
1,1,1,2,9,0.5619170422258956,0.03868121461501193,0.0030423694344381045,9,0.47083127496904226,0.122639737472049,0.0022611105904533574,9,1.3234813958935554,0.2221514416675997,0.02018018543791178
1,1,1,3,2,0.5736780292833068,0.03750511915723347,0.020877622257282125,2,0.4759075216018851,0.03678355070877029,0.025667370749967056,2,1.4044323602072333,0.18699824978948687,0.1269557071432329
1,1,2,0,677,0.5409670940097566,0.06802782256810808,0.0005910196193189511,710,0.49499227048828065,0.10364613364222476,0.000601570178963354,637,1.2657188103861157,0.34837076933995903,0.0032815893457058052
1,1,2,1,1432,0.5244784466345206,0.061280668631888566,0.0003442174687361734,1475,0.4810139278112405,0.0985124125093531,0.0003137859446656449,1397,1.1963381089652667,0.31971834490565293,0.0018929753782773084
1,1,2,2,2,0.6065601222569184,0.0384410219600028,0.0,2,0.4593666881425275,0.08931932731741603,0.0,2,1.5939318713366062,0.28211509663861584,0.0
1,2,0,0,2984,0.5293640108752794,0.05995458748637773,0.00020870066284314317,3067,0.5012843842404635,0.10389160033095503,0.00015381953336350587,2831,1.237700211527893,0.33015929833993557,0.0010048424716084961
1,2,0,1,6340,0.5241197056520551,0.05791284768129761,0.0001408728510009002,6463,0.4871654067114745,0.09982678903575902,9.540962299640809e-05,6184,1.228680515247257,0.3250291374007737,0.0006873641689422078
1,2,0,2,1256,0.5346853157783424,0.06172483568919276,0.0003064986340833718,1302,0.5171811346299388,0.11495740691740461,0.0002678191793884295,1232,1.2386299879890599,0.3197734161187468,0.0015611770841697794
1,2,0,3,633,0.5326528339952559,0.06943774714925832,0.0004931019832874718,664,0.5158143740557486,0.11898390543103013,0.0004023299547071074,610,1.2352382844576189,0.33991418451202526,0.002795337149376885
1,2,1,0,2568,0.5248737524852186,0.05690050605055959,0.00017535549839904253,2619,0.5061818437995194,0.09521736983222398,0.00014628310946263265,2520,1.228266502832925,0.31275293670518817,0.0009260835170040751
1,2,1,1,5382,0.5188868276146666,0.05743382931269854,0.00011649419779159541,5478,0.49035058326218034,0.09469229106023792,9.560696422406933e-05,5313,1.2015094751004587,0.3162143424305065,0.0005568129616505574
1,2,1,2,2189,0.5339883923311699,0.0594208308418816,0.00018077753015655773,2218,0.5336113365533044,0.10522447803311522,0.000146478304741442,2146,1.2726148291474138,0.30900995642483586,0.001066754094775275
1,2,1,3,970,0.5326712304133784,0.05862167168555304,0.0002660097599167364,991,0.5278359240013386,0.10821777483957255,0.00026389638570589486,958,1.2819411145660373,0.3131193521760048,0.0015626855683850485
1,2,2,0,1787,0.5214390140351844,0.05622581564362533,0.00020672055437927792,1817,0.5137507487074625,0.08934636431427373,0.00019913446688593078,1777,1.185464894208773,0.2934517419762557,0.0010626930629358674
1,2,2,1,3157,0.5171314174778125,0.05633698905379494,0.0001410148127981471,3221,0.49775990614125704,0.09302776761815233,0.00012399064699459447,3158,1.1740988608223648,0.2962506811940781,0.0007181018071510787
1,2,2,2,1560,0.5315556895666611,0.056646945236502676,0.00019765661037046326,1590,0.5276212741588536,0.10048727219329782,0.00017700638315053328,1542,1.270063294708126,0.3085881136446428,0.0011412565894492396
1,2,2,3,742,0.5328641352015563,0.06386645029047269,0.00030582841914712853,764,0.517590056703469,0.10220514967213466,0.0002950561674339594,713,1.2667700033979747,0.3177892577143672,0.0018986850165020712
2,0,0,0,412,0.601292008972912,0.05898352658340304,0.0014435914566121365,511,0.5662198176601239,0.1130252884023191,0.0011904665216367297,313,1.6250167294049274,0.32484395253334064,0.010928553491995147
2,0,0,1,521,0.6011387038797149,0.058552930477281745,0.001227717822832014,694,0.5638617320401179,0.11607860201916846,0.0010779075987630085,367,1.642990451101436,0.3359321101834358,0.01008156297950304
2,0,1,0,68,0.6185107163976992,0.04829078402871645,0.00429705345757698,101,0.5147042906266472,0.09682895446884715,0.003301002199360986,52,1.6829318259388157,0.27659223910744707,0.03246269466658948
2,0,1,1,112,0.6195986467145406,0.0513334767296368,0.0033612402034559857,174,0.5064271851538827,0.10987944196863565,0.002728137692660255,81,1.727778893925751,0.29788624176154416,0.02822542334214422
2,0,2,0,33,0.6305764067812687,0.04392268514853408,0.007887656494436604,41,0.49725380278722076,0.08932302959629347,0.005725780252024875,24,1.6916534466356064,0.22466578841788423,0.05698534533792754
2,0,2,1,65,0.629394879778246,0.04317926953297918,0.00522697894311142,76,0.45752355017521384,0.09148041301203402,0.003925408035205694,46,1.7540814657340997,0.22961227920566898,0.04323860332904315
2,1,0,0,243,0.5896210837169065,0.05068122442405125,0.0013912043941130756,268,0.5478039693721578,0.09707215709774906,0.0012587994975430978,209,1.5300229894884116,0.294323185248195,0.010295576846350282
2,1,0,1,345,0.581159507914269,0.05344328327782261,0.0012297131196664798,373,0.5265411605037866,0.1155813912221149,0.000962246436354445,287,1.4564198783409756,0.2984495722473624,0.008693236502171704
2,1,1,0,68,0.6031466139120919,0.04755557116388092,0.0038589380064011193,101,0.4819108053678225,0.09095708112660505,0.003138068591329269,60,1.583770826156427,0.282691714178523,0.027504956529313465
2,1,1,1,106,0.5937630281604203,0.05772620575045464,0.003074726171734671,128,0.45218690288983693,0.08272268175878139,0.0022159106617023333,92,1.5171408036727259,0.3126095238687094,0.02189223694076265
2,1,2,0,21,0.6146313210521004,0.0447666654940228,0.006617820006443991,31,0.4624639190103404,0.08091375875481334,0.005162241736618583,18,1.6543874347540837,0.2529602170588896,0.05316277211528344
2,1,2,1,49,0.61489331332922,0.05712428725989999,0.005594463866213572,62,0.43312434072211764,0.05934803503539258,0.004325336128039584,37,1.630696957755567,0.3287169057794272,0.040141409296464134
2,2,0,0,79,0.559149488720792,0.04646908694062899,0.0018086276304328235,85,0.5448471814553402,0.11060679799555467,0.0017294916422987835,75,1.3559578340949157,0.24866252996341767,0.012108460114736434
2,2,0,1,111,0.5661570901733424,0.06342408298224587,0.001510419922830846,112,0.5279380712244671,0.10991446640132424,0.0010293339153539104,96,1.3809890806554954,0.34832321468964667,0.010440142477348624
2,2,0,2,69,0.5700998047526181,0.06207829691187931,0.001389611552573157,70,0.5057675529267643,0.10753340372554981,0.0009270134890210042,33,1.4949695732457198,0.3346774278071555,0.009133225227832905
2,2,0,3,54,0.5646736543555877,0.05198317579578353,0.0019353167444583817,57,0.5200567066283432,0.10396255141266936,0.0019675993433918315,35,1.6401789465688048,0.32356497760010305,0.018835933237718514
2,2,1,0,26,0.5944073764596008,0.05890933024038362,0.006470114499908097,31,0.5008603697125493,0.07464940910341174,0.004359009769027565,22,1.5071135351692364,0.2815438755799685,0.04150671025662604
2,2,1,1,64,0.5553881499798713,0.05252401499455893,0.002162030808372906,67,0.5051240739384896,0.09246218276812838,0.0021581260396393016,62,1.3479679856225868,0.2967766791294778,0.014351111407953287
2,2,1,2,61,0.575785494317129,0.05293105386972855,0.0008292783112694849,61,0.5277435003955809,0.09041484313962521,0.0007285259577818409,35,1.5744008816023574,0.27759909425505475,0.00706119078538595
2,2,1,3,38,0.5762050279557925,0.055464079187382775,0.0,38,0.5565181780597056,0.07708266107520624,0.0,25,1.6085836507085178,0.32189905356590715,0.0
2,2,2,0,17,0.59808368318185,0.060898704145628604,0.0073822077261312645,17,0.42868644394976246,0.1030300856012731,0.006523174695462823,17,1.6720496090001653,0.3804841391490484,0.05520786143959975
2,2,2,1,31,0.5597197291707848,0.060543300957454166,0.004102624453203085,35,0.45264831703080854,0.0797794829637142,0.003997671384202434,28,1.35225511099293,0.300874365341238,0.02800487101014525
2,2,2,2,33,0.5936508400508469,0.04559270545782653,0.0,33,0.5695552652490322,0.07290398577813448,0.0,21,1.673425264654445,0.2773573514524308,0.00968679615597632
2,2,2,3,22,0.5636604314377324,0.04518050583082952,0.0,22,0.5427925653864226,0.09297016976808326,0.0,18,1.599099400339565,0.28387117135672457,0.0
3,0,0,0,498,0.591175229019866,0.06030511649336252,0.001008706935900299,620,0.582951914120407,0.11170819132497735,0.0008540932597431054,349,1.6274165259584907,0.3308521976967489,0.007827325375148573
3,0,0,1,503,0.5927150704599302,0.06094881642439521,0.0010346486791522357,621,0.5773553720869379,0.1154996868200784,0.0009114929018306304,325,1.6206798611117403,0.31062930650023063,0.008001099290646019
3,0,1,0,37,0.5819174263371167,0.05213332528841558,0.00430949768910357,43,0.5017699519279828,0.11028371985630318,0.003706531872000987,36,1.635402427839475,0.28612783409138004,0.03103654022364945
3,0,1,1,39,0.6102192140091293,0.052720033580659964,0.005249894179545909,48,0.5112462803472257,0.11009773973318798,0.00433732059603119,31,1.778986404287124,0.3103149871514412,0.042756681802186954
3,0,2,0,18,0.6123822850108035,0.06041665688553035,0.007884649632276485,26,0.41249914622557043,0.10645276144155641,0.004722662770738329,14,1.6053628424490918,0.26326652318473864,0.051635923256036095
3,0,2,1,23,0.6204841999118729,0.04264764436691188,0.008445184069100033,29,0.4158649926001756,0.09371181973121256,0.006034861229847792,19,1.7683642603208183,0.22165175251741642,0.06992357266759729
3,1,0,0,178,0.5778954598440301,0.060255752928039495,0.0011911134334405334,207,0.5677241084770417,0.1141713975919649,0.0011327697003844586,130,1.441676248101533,0.34512783659318674,0.008054104183017299
3,1,0,1,194,0.5703739113822037,0.05541047392082151,0.0011336827261511136,213,0.5344986515214337,0.10544775459729994,0.0011228030349116497,147,1.4231292944197271,0.3441812156352989,0.008423116439948348
3,1,1,0,31,0.5794813086494548,0.07332550014655145,0.004710861590085668,46,0.4633039301442377,0.11511353455907139,0.003920916727823315,26,1.436001367693515,0.3512579499382732,0.031501310827688984
3,1,1,1,46,0.5734688019878622,0.06483028338446259,0.004191082182098213,54,0.45890449481691536,0.09372461441997525,0.003341761278844696,36,1.42531931034354,0.36463686865823114,0.030643600756648334
3,1,2,0,15,0.5855728309692873,0.06672404746168026,0.00881065977838078,30,0.41463980084533036,0.11241770712865112,0.005728154441232558,13,1.5210647322774535,0.36524136087663567,0.061670359993208926
3,1,2,1,45,0.5826422239220719,0.057819678364317915,0.0032328225366143005,47,0.3986700762279116,0.07364326430302275,0.0026734309754860132,37,1.567515196096913,0.3357966632750852,0.02794423171655066
3,2,0,0,127,0.556600695359242,0.05411226604778625,0.0011187700398792423,137,0.5502038116682798,0.09633269601098411,0.0007736798582636013,113,1.434176419644126,0.3276665136056141,0.007317133293284415
3,2,0,1,111,0.5596378991353191,0.05800092659686503,0.0011197825871009676,112,0.549383819228656,0.09898589242720167,0.0008457322761080093,89,1.3867231414341616,0.30817197847806954,0.007052823128159768
3,2,0,2,75,0.5578835683531645,0.07422067560793894,0.0013919645980391962,90,0.5031845498155179,0.11016108689524898,0.0016880632101127135,50,1.443373793475911,0.3500497474152385,0.009893053032167577
3,2,0,3,62,0.5654231422892712,0.06646275142923098,0.0016555182705348165,65,0.5130236943280211,0.11191885704259787,0.0010268644813942406,40,1.5572461289607,0.364600238066284,0.018092538930809747
3,2,1,0,52,0.5352399021391546,0.065386151214572,0.002208131099396624,55,0.5048851812339825,0.10067568890583307,0.001235487921471976,49,1.2324729600442452,0.320650809831276,0.005965010638968816
3,2,1,1,51,0.5401207106416409,0.06149055535777555,0.0020363085608525074,52,0.4783360209775141,0.08220654221442687,0.001909589492155188,49,1.2979840093808606,0.34696029867781253,0.012736537416588973
3,2,1,2,66,0.5533703615994917,0.062070379203080284,0.0007064335514772533,69,0.5119422259136125,0.09316544144817832,0.0009462252900338496,48,1.4881403063685505,0.37249498870371583,0.006538299142937926
3,2,1,3,63,0.5566171362218405,0.06981823589407034,0.0009942723871308563,63,0.529812596280944,0.08884320550433993,0.0005687575763277321,47,1.473486031362089,0.3414578534479531,0.007490379699083382
3,2,2,0,26,0.504038886650082,0.0622995632879386,0.003820203338373691,28,0.4406214475807446,0.07627246099300378,0.002767620960019754,25,1.1342057758723676,0.23461197249210228,0.01559850394844118
3,2,2,1,46,0.5155032746350665,0.052908696420308036,0.0018022877518464684,48,0.45330632975701995,0.07088013647855658,0.0013473691783506597,45,1.1584544585979493,0.22313223278363278,0.008436480173453748
3,2,2,2,25,0.5738062549202352,0.059395650418484575,0.001764646604020232,25,0.5131080742925448,0.09088288380342821,0.0007094626589688114,17,1.649705729953441,0.3346520287061854,0.013748013211903573
3,2,2,3,22,0.5337406725973642,0.056514219630120634,0.0,23,0.5119138450080287,0.08463281813564115,0.0019299842734693516,21,1.4915584443755894,0.30598040272850924,0.0
4,0,0,0,26,0.6265200889161338,0.07044649266139148,0.005004071011671736,60,0.3811278000379882,0.12749934601469937,0.003606301615924646,5,1.6396860700084155,0.16035227369684438,0.08493845450058976
4,0,0,1,41,0.6170198675482708,0.0710985946934146,0.0040080317876410206,84,0.4340821804393826,0.13157837233349817,0.0031768937649995603,4,1.244360314570244,0.4742978680078023,0.05498270267789798
4,0,0,2,10,0.6034227596383046,0.06091658326963736,0.0020813490284616654,19,0.30997515212907417,0.08507566318342721,0.004391836341120736,1,1.9018515920415504,,0.0
4,0,0,3,23,0.5875781967949751,0.06569499317898471,0.00690578713505859,38,0.3587916677124327,0.10193944046248973,0.005493438256968647,7,1.6929677043519207,0.3224293352327344,0.0
4,0,1,1,11,0.6409787923654835,0.04572024612000055,0.006738398377192178,19,0.559240441734368,0.11290644731431633,0.005897688326524409,1,1.6100358928543144,,0.0
4,0,1,3,1,0.487223555124171,,0.0,1,0.434318862818372,,0.0,1,1.742202880670376,,0.0
4,0,2,0,2,0.6522910689826755,0.05234012848902849,0.02529468697410603,3,0.5262938027175745,0.130252898476265,0.012937595830046444,1,1.7842627583304338,,0.0
4,0,2,1,1,0.5653659212775254,,0.0,2,0.5748344149832494,0.15332924549560295,0.0,1,1.4626623287274787,,0.0
4,0,2,2,5,0.5409000458971657,0.03173192977211466,0.02483127815128923,3,0.36948121423557206,0.1352616298298651,0.013422766685417994,3,1.8369657032674784,0.05740130463325781,0.16614565992895813
4,1,0,0,18,0.594823133031508,0.07095788124300742,0.005014063207163923,24,0.43503172077838786,0.10391822429808663,0.004062087432917178,2,1.3893002981497882,0.6377906027011453,0.049442540433651205
4,1,0,1,50,0.5870190083264063,0.07384080162217639,0.0026848735453437645,64,0.4389600147568501,0.13390491088555107,0.0025262044951360613,10,1.6852258467198926,0.4649552679163459,0.024595989365179528
4,1,0,2,25,0.6124615501935148,0.06623374926001696,0.004240632622677829,28,0.34698640950993387,0.08916107016009829,0.004391280754751995,1,2.0389995640556857,,0.0
4,1,0,3,47,0.5800060508773943,0.06833699056291391,0.0042176363905941806,51,0.3548864124132025,0.12168053479948933,0.0026011810462631254,7,1.4944982280989831,0.3010368875760023,0.0
4,1,1,0,6,0.5546859372740506,0.047711678860062494,0.0039682555472179875,6,0.4386424650223842,0.07070577307199537,0.003708445848964459,1,1.3621934884228422,,0.0
4,1,1,1,21,0.598519595142726,0.041868510850498745,0.0031638017792920085,27,0.4532155065568706,0.11805700370131789,0.0033378245374077703,1,2.096070348041324,,0.0
4,1,2,1,28,0.5730218125999782,0.06965839502737949,0.002560922322268839,32,0.4207456958323015,0.12340153267621204,0.002913444787413006,4,1.7142683783855837,0.4422386968187586,0.0
4,1,2,2,2,0.5881380356755892,0.10234750305494432,0.0,3,0.48980500944975347,0.08204067010801905,0.0,1,1.2296877877843768,,0.0
4,1,2,3,3,0.5617693908455145,0.03651742661671438,0.0,3,0.4747564989843573,0.10087897114407024,0.0,1,1.852269169019113,,0.0
4,2,0,1,29,0.6052657709578584,0.07431175319952987,0.0025717552486536517,34,0.4416186125282916,0.11937632845817271,0.0022354175333473823,6,1.8303818892281611,0.2577877419040592,0.0
4,2,0,2,103,0.5740050725650959,0.07429707646212315,0.0027639790039524896,104,0.3896640809281631,0.12277933191398255,0.002072137089133716,23,1.671980587302619,0.2833051075603523,0.04114829637449161
4,2,0,3,167,0.5832744328992359,0.0753817356757071,0.0021345991149252282,189,0.4007500916774096,0.12194410976450805,0.0016492679213767716,26,1.7002802430718353,0.32240057151681467,0.04016478338676306
4,2,1,1,27,0.573871669215721,0.06110488417868011,0.002817643048468735,25,0.46706926015437167,0.12075909245153645,0.0,6,1.988639722056084,0.21315218307281236,0.0
4,2,1,2,23,0.5627866865609381,0.0691520055704151,0.006094065342583999,23,0.39505701342528854,0.14447019566515024,0.0040107968849797445,4,1.8489868865556947,0.23959095015769538,0.0
4,2,1,3,27,0.5825250964217198,0.07762834275649544,0.00464085076279821,29,0.4117412197802427,0.1516060033983953,0.004177108690399015,7,1.854218304116004,0.18221364832578182,0.058949069878057196
4,2,2,1,27,0.5404527089234313,0.06092026096715619,0.0011696962970386689,28,0.4349621249487425,0.08413412558006596,0.001683886758452531,8,1.8897136191151493,0.2257474731986961,0.0
4,2,2,2,16,0.561220973707452,0.06893449408223895,0.004355637940491396,15,0.39604553081057803,0.11224455286743916,0.0026127419252051694,3,1.3554929900376136,0.4646746591360199,0.08768373606287523
4,2,2,3,24,0.5775187940799066,0.07681279376266843,0.004905145342558228,21,0.44883135748766456,0.12189016785296103,0.004964786467667163,4,1.7912387541390107,0.27467287983636324,0.0
5,0,0,1,38,0.6143276085850197,0.04914805147780535,0.003995762369813311,69,0.4854522252277762,0.15556403897332824,0.0032399598496064136,8,1.9527921385933578,0.1701673039673519,0.048967547948349226
5,0,1,0,3,0.6498258692911657,0.06183094898101175,0.02333518835169754,4,0.513261516491692,0.12279028695892394,0.007980929050827987,1,1.611177271017234,,0.0
5,0,2,1,2,0.6076562368027376,0.03534943047356101,0.040599592608646456,3,0.40625538287227886,0.13091383249673305,0.02936435689637189,1,1.732296646631476,,0.44548712763295106
5,1,0,0,43,0.6116422368228225,0.05110463592980112,0.0031058237489623008,61,0.3868368718427234,0.10770063445597694,0.003033823336173247,1,2.054733362837275,,0.17615291716359005
5,1,0,1,62,0.600873150689253,0.05493153464831841,0.0032577944192734958,87,0.41749077031087223,0.11624820815973949,0.0024594942897603815,2,1.7250576810727378,0.2434289421770592,0.0
5,1,1,0,10,0.5936061600281068,0.07298022889345948,0.007878502979333398,12,0.5320823749209542,0.09568255232494485,0.006199211232693804,2,2.0260430008074986,0.1593719822135702,0.15114083006287193
5,2,0,0,51,0.6009426160759791,0.05503069335656767,0.0021124148837023144,57,0.46755662928702457,0.11922177814773152,0.001598699398657751,12,1.9177732809865926,0.1865385352206243,0.022005348751641517
5,2,0,1,58,0.5902082815181254,0.0533873448186788,0.002095813666814669,68,0.4466213084530647,0.09815933968457734,0.0013380339897051158,7,1.8509170542585756,0.3181840657070757,0.07527201493560474
5,2,0,3,3,0.5511411380083795,0.049226468183013905,0.0034629507244109217,3,0.45015678356702465,0.03791911029693693,0.011137368342156099,1,2.14872489250306,,0.0
5,2,1,0,11,0.5976429015462684,0.05878436569277315,0.008876088241960178,11,0.48269924434473394,0.12507850766537712,0.003922211946215019,1,2.083557955053976,,0.0
5,2,1,1,23,0.5751982785381216,0.06580907713195422,0.003886619471442135,24,0.4459442535608915,0.10573495569373496,0.0020238345549772607,4,1.8463676971462535,0.2504984001647086,0.060472664837172174
6,0,0,1,25,0.6344847672105002,0.05043839930501405,0.005541750633244383,62,0.56429621931384,0.15485752177130926,0.0033400004961357606,5,1.9263758587200104,0.19633439537045075,0.0
6,1,0,1,37,0.6081892459410484,0.05880039262355479,0.0029700839419039542,74,0.4425336791277938,0.14848063933050973,0.002984837264289823,2,1.6339606386796584,0.06999495880419426,0.0
6,2,0,1,4,0.6466513126818649,0.02947266781767576,0.0,6,0.6079007339049557,0.11341337784918974,0.013392564171622915,1,2.0711574945160343,,0.0
6,2,0,2,71,0.605623223993056,0.06551864754893554,0.004205966279912167,75,0.4570319031912616,0.13014193960618864,0.0027692824228879196,6,1.8216927833301046,0.3145536354331105,0.12739613645438996
6,2,0,3,93,0.5845351203138025,0.0720839923304851,0.00309837562014839,99,0.4132226817697678,0.1409170259675576,0.0022205199238454027,13,1.9297186115194265,0.263769417698391,0.06817599465289301
6,2,1,2,5,0.5858154665990288,0.03155604659647372,0.0,8,0.43153453428588656,0.10245116024262835,0.004109352833457196,1,1.2836383373849436,,0.44456539256237027
6,2,1,3,18,0.6186982059416525,0.07613273656665907,0.005825788757533382,18,0.41579063601559657,0.11185890633273116,0.005326796430779303,3,1.7749181800882505,0.5386962141103406,0.0
6,2,2,2,10,0.6143426943790621,0.06811777386762492,0.017633797977606648,9,0.4067240405006171,0.07227552261458657,0.01153220855362641,1,2.076762344613324,,0.8013291318689304
6,2,2,3,9,0.617585353189821,0.056729871759968506,0.012268484452840971,9,0.39568545738144206,0.08115848416151025,0.006860005268831111,1,2.1865222572516907,,0.0
7,0,0,0,12,0.6300108755310267,0.051201956141565155,0.006352334994935343,40,0.5380948146448493,0.15317085538217204,0.004496646171479663,2,2.070250609793419,0.11906896160591925,0.0
7,0,0,1,17,0.639330402044061,0.04482457569329779,0.006556737968346655,48,0.5268237824468387,0.15211954152038457,0.004145545766706895,2,1.8722440319846876,0.18177140904745656,0.16155891891907403
7,1,0,1,12,0.6401608417536481,0.056342740870078796,0.0062433830302356386,36,0.42928482089910186,0.1477249929839462,0.0051385482302910585,1,1.913551553883076,,0.0
7,1,2,1,1,0.4879612417534244,,0.0,1,0.5864597337692683,,0.0,1,1.828260854879032,,0.0
7,2,0,1,12,0.6098165150367674,0.04780473470522662,0.00305222110760151,21,0.5177964173939564,0.12174372095398783,0.003146797983130132,1,2.0686052695225503,,0.2349628958668908
7,2,0,2,5,0.5917597924199488,0.08593070951146439,0.010241071662125106,13,0.4968309584105889,0.05809344892236137,0.0035863242682783814,3,1.9571901776243141,0.1118822438640941,0.12112850289253714
7,2,0,3,10,0.5934453716493253,0.08900403885866781,0.005049960180108005,18,0.46917163810683493,0.08100093826327322,0.002552184835006285,3,1.5737739564452558,0.42261303238632614,0.0
