glacier_type,precipitation_category,area_category,slope_category,aspect_category,AAR_n,AAR_mean,AAR_std,AAR_1σ,THAR_n,THAR_mean,THAR_std,THAR_1σ,AABR_n,AABR_mean,AABR_std,AABR_1σ
0,0,0,0,0,1081,0.5520761566985016,0.06779177329858303,0.0005371868366677406,1138,0.5130386257482813,0.1326095840097858,0.0004548524410364104,1052,1.2880471000305267,0.34448246985118625,0.002956796433963008
0,0,0,0,1,1949,0.5463246863395977,0.06698074343652886,0.00032600582439031717,2058,0.5156129823520776,0.12260471956851741,0.0002798765481628547,1909,1.2551573187566094,0.3357942143905898,0.001815695848425739
0,0,0,0,2,223,0.5383343619821662,0.06825781330402199,0.0009637240697364984,229,0.49127026712777416,0.1145173488509143,0.000871724547580078,216,1.208459063201554,0.32486769768005685,0.00570879324737681
0,0,0,0,3,117,0.5542255830551089,0.07110966568130773,0.001897245415057121,132,0.4828770936052919,0.1374300338238944,0.0017223390099753268,101,1.3156328494211185,0.37207793324542066,0.013213734832946708
0,0,0,1,0,986,0.5501014270103445,0.059915155082734046,0.00026786896900329003,1004,0.5539072620842356,0.11679486924539581,0.0002816315860466383,982,1.2871805605348927,0.3128923415574018,0.0016359566714966548
0,0,0,1,1,3936,0.5372483287718041,0.0572824683553462,0.00011066955053147156,3950,0.5489908599773311,0.10323026986717364,0.00011817824587990081,3922,1.2129271841571663,0.2853476683728112,0.0006347552202568488
0,0,0,1,2,130,0.5363789596619021,0.060671604340910686,0.0002247393114636381,132,0.5270622671496731,0.10143274185307152,0.00030735120258820243,130,1.2094125429624578,0.2993480634984379,0.0015958894006800506
0,0,0,1,3,20,0.5344229891554668,0.050337966112945054,0.0,22,0.5166653623257403,0.1369594820834181,0.0,20,1.1855101278471696,0.24199648069806648,0.0
0,0,0,2,0,1452,0.5621740572924137,0.0595186743620132,0.0003396774051091302,1477,0.5585809790740157,0.10601856949569355,0.00036312913208840506,1425,1.3415904381028372,0.3159108019068973,0.002237128689223901
0,0,0,2,1,9055,0.5492428747577776,0.05138806725227995,8.655930622260795e-05,9070,0.5633593291764966,0.09052391631452562,9.303887336106766e-05,9018,1.2735908911699234,0.2645555100145153,0.0005462951374537272
0,0,0,2,2,109,0.5529776630512075,0.05214392383018506,0.00032718344552872957,109,0.5495906907996824,0.10614603648486823,0.0005053624894828634,108,1.285301604722621,0.2701919046868319,0.00241200483069992
0,0,0,2,3,11,0.5229614414500602,0.03865123719993837,0.0,11,0.4906031533945238,0.10053661693997004,0.0,11,1.1269652334731555,0.17837358109160129,0.0
0,0,1,0,0,1601,0.545026401695388,0.05747308240345797,0.0003666515172743897,1603,0.5255892593352891,0.12338923870353785,0.0003105292142530805,1574,1.278785002221506,0.2958672630917121,0.0018707548590171127
0,0,1,0,1,3027,0.5349789431220634,0.0556346270837473,0.0002503728721485561,3037,0.5148787183449368,0.11431757656737941,0.00021911784297405155,2993,1.234911130548418,0.2946908406840452,0.0013846985783034743
0,0,1,0,2,111,0.5473140562177787,0.060033458440350566,0.002375358638472334,113,0.46243647911842645,0.12408364742292653,0.001944411227285741,107,1.283604850352115,0.3518174458649417,0.014530308139782077
0,0,1,0,3,43,0.5714387584732968,0.06083726317904796,0.0035605371095989973,44,0.453404597525182,0.11042406930985485,0.003145099594754283,34,1.4201221454155273,0.3632476564440412,0.028362692698083163
0,0,1,1,0,1337,0.5592865719006693,0.056239254083942314,0.0005223868579902108,1359,0.5301809398619721,0.10766167395957726,0.0005022496560099353,1307,1.360119435263497,0.30562429982005823,0.0032329569729632433
0,0,1,1,1,5509,0.5335055929764567,0.04991379565757751,0.00016721245530818398,5555,0.49842279548827834,0.09524221849619044,0.00015666482459413195,5475,1.2193801061509653,0.2617866230933127,0.0009417697110291899
0,0,1,1,2,50,0.5518173494254391,0.04033241072017572,0.0021182404851649754,50,0.4721103014361592,0.08345083353022054,0.0022363442930252095,50,1.2830432349909537,0.21972503079189068,0.012879204082634628
0,0,1,1,3,6,0.5777866797785316,0.05164031243769669,0.009556108601162516,7,0.48811080259944234,0.0941780698790143,0.009517040517765734,6,1.4677271759265436,0.28562270692350955,0.05392675668531647
0,0,1,2,0,1183,0.5858262286916582,0.05518256454598187,0.0007516974436092787,1268,0.5271110808935603,0.10150824835167234,0.0006901280599731919,1120,1.485050396838727,0.31341261753172706,0.0049698244844573235
0,0,1,2,1,6800,0.5587752339599188,0.05036253266584688,0.00022309301208494462,6903,0.5127341026916331,0.08762227889381174,0.0002106595028717038,6684,1.3453625395922222,0.2727565876807515,0.0014004125433128495
0,0,1,2,2,40,0.5840860497824066,0.06176503300106807,0.0025782577281719564,45,0.49538994670518327,0.10827461694881133,0.0025062802260376387,37,1.4401620358114475,0.32202455069259317,0.021425381954352805
0,0,1,2,3,4,0.5977532138336893,0.04949628175580591,0.014386034531130576,4,0.5082321008177022,0.026470215553998457,0.013886743039296268,4,1.5673535472353795,0.3640479099187618,0.1166101862924625
0,0,2,0,0,1714,0.5702595058013108,0.05766418917612466,0.0005357957883905878,1789,0.5227524286982942,0.1094815315773194,0.0004467588780869994,1480,1.444256618109243,0.32431989376338405,0.0036093375878890437
0,0,2,0,1,4736,0.5597618963759792,0.059340095544221,0.00032279630780202554,4910,0.5031836324255967,0.10488342509865688,0.00024791967782870493,4219,1.3974862409343878,0.3372846595356947,0.002051179694704228
0,0,2,0,2,29,0.5590861043038101,0.06724700127368623,0.00504289115036254,35,0.46169370663594034,0.14489945602635035,0.003681842797342788,26,1.3626417902433121,0.34479580297951123,0.0338895668677766
0,0,2,0,3,20,0.5716371565025318,0.08496339469928525,0.007315160723049427,20,0.44718970774239536,0.12550887629821952,0.005384025725056359,14,1.5400343057113428,0.36146943211112126,0.047384073701215126
0,0,2,1,0,648,0.5884954318109844,0.056041475543624056,0.0011478358342901734,735,0.49357900402486443,0.10154581326341329,0.0010192142055080904,561,1.5358868683188898,0.314350895315789,0.008069061112939008
0,0,2,1,1,3879,0.5600856573248534,0.05794984917425894,0.0003983290479615602,4122,0.4706099406217363,0.08512189159344048,0.00032885259987072127,3593,1.3836389736880736,0.32066480788199786,0.00257624580249309
0,0,2,1,2,8,0.589636978087465,0.06776143435261908,0.006751842418415202,11,0.4254998918414587,0.13768562867274228,0.007318414466434406,8,1.560299297110328,0.4358989750138097,0.04338622363789695
0,0,2,1,3,2,0.6364484274263111,0.014961122901315049,0.0,2,0.4841538100684283,0.11505587737125943,0.0,2,1.81820970774113,0.11783184701580408,0.0
0,0,2,2,0,294,0.6188175239895312,0.050186013352393824,0.0020842830868868785,382,0.4718325988905288,0.09355308297240088,0.0017555674785845103,237,1.6875697303388213,0.28867393422399307,0.0163393213921866
0,0,2,2,1,1826,0.5839984419758204,0.055324626552159265,0.0007051666818807415,1991,0.4644796954928456,0.08016238970279467,0.0006061985060562597,1658,1.49815431984805,0.3147685701206545,0.0048795785358099935
0,0,2,2,2,14,0.620204319496262,0.046924163789816,0.003492179612350544,18,0.4214222258300637,0.08142937024676697,0.004293592216531746,11,1.6812031141274952,0.30031236280588824,0.03577206516898786
0,1,0,0,0,1283,0.534872002482429,0.06590502528091702,0.00039730297317112326,1330,0.5049651219256924,0.12014588719650009,0.00031153886297062875,1270,1.2113392442739181,0.3302943015082281,0.00205496914703947
0,1,0,0,1,2268,0.5344165186337362,0.06522504177734945,0.0002017133636414588,2378,0.5017949669850867,0.11821701402488641,0.00015312300855039183,2257,1.1922119169952683,0.32223546459103125,0.0009532015338441986
0,1,0,0,2,122,0.5450313712921389,0.07209426940421428,0.000984601335346176,127,0.506577061786749,0.11695685004088109,0.0007460436419368859,121,1.2493771350779959,0.36066009963723705,0.005400845629026823
0,1,0,0,3,91,0.5285685375974208,0.07598990692315867,0.001803744398188467,96,0.5092659325260304,0.13445691742511895,0.001229807418504226,87,1.268941418929664,0.39183879454839865,0.009107900913964583
0,1,0,1,0,1701,0.527121951973177,0.05603980769518267,0.0001473649277922312,1729,0.5290826347689871,0.1046793316816735,0.00014312165470506717,1710,1.1705099364777944,0.2763222973096716,0.000579300237419002
0,1,0,1,1,4760,0.5216175102139691,0.055333862584847786,8.982617942005526e-05,4853,0.5182681576031936,0.10298309813659447,8.267278014274309e-05,4789,1.1374050007480403,0.2681704515058427,0.0003900671957769685
0,1,0,1,2,113,0.5247063517141808,0.05827606244508149,0.0,114,0.547641732008891,0.1000417498475836,0.0,112,1.1922736833434584,0.27426246400069404,0.0
0,1,0,1,3,61,0.5220657926591914,0.057922572919296665,0.0,62,0.536109747360831,0.10586694656124505,0.0,61,1.2218287949946256,0.2956038261636983,0.0
0,1,0,2,0,2511,0.5384710107132628,0.05916935239434926,0.00014394409024866102,2539,0.5426862820103656,0.10409403199348095,0.00015499868064380157,2500,1.2350141851289027,0.29776566364743484,0.0008654043788523381
0,1,0,2,1,8589,0.5295798877813775,0.05764186753476581,2.9571116014301043e-05,8671,0.5427019017680115,0.10207488873639838,3.27187669123793e-05,8613,1.189488630809448,0.28319476221007556,0.00017551662014778403
0,1,0,2,2,164,0.537983314234454,0.06017129852267023,0.00010911312309580466,164,0.5429199080679847,0.08828906839322352,0.0002500972669621292,161,1.2319355342743687,0.29497141688428613,0.0008283236786317454
0,1,0,2,3,59,0.5287695640168635,0.05795322406443635,0.0,61,0.5156432982887764,0.10245148985867818,0.0,58,1.2262466689881266,0.290016411715638,0.0
0,1,1,0,0,1790,0.5237253568204757,0.046947779476652005,0.00018011480293531146,1794,0.5007798476734798,0.10237075492429802,0.0001378238061430525,1793,1.1631827843124405,0.2309970540542558,0.0008383163026707783
0,1,1,0,1,3258,0.520559059305119,0.04605104599907287,0.00013341073064359116,3259,0.49837082495065915,0.09984682568872885,0.00011637987397964033,3274,1.1432300725238957,0.2277087077207322,0.0005929661238458922
0,1,1,0,2,52,0.5389598207072459,0.057425196423433654,0.001037878873620779,53,0.5276991775825283,0.11387262911241786,0.0006822212248491337,46,1.2866853000251368,0.3038676330486463,0.007547813215868886
0,1,1,0,3,55,0.5369060147448503,0.0681942577887798,0.0007609143463889513,56,0.5076290382143529,0.15734256330858645,0.0007797618023671739,48,1.3648995096366667,0.3978971399098659,0.004419187887430318
0,1,1,1,0,1947,0.5293615498626437,0.04800744065440071,0.00011431902883587405,1957,0.503492615276551,0.09548731800828436,0.00010597338020394981,1945,1.2041020966331966,0.24293911639213076,0.0006631138989368498
0,1,1,1,1,5846,0.5182735576978147,0.04585712709278586,6.875918245941883e-05,5875,0.4890125592712085,0.08997615428810608,5.3185314685220556e-05,5863,1.1486842650362041,0.22546698700132645,0.00027786875315088895
0,1,1,1,2,79,0.5259566779219607,0.05382913458542812,0.0006767944849561254,83,0.48368908832566887,0.10127467808506461,0.0007680265666453026,78,1.196134174053012,0.28504719810347423,0.00469132318984581
0,1,1,1,3,37,0.5288760712244513,0.0631572207314588,0.0016338634868951834,37,0.48296010895032243,0.1011147170466737,0.0014603352928270787,36,1.2895315178455806,0.3315364895090928,0.009337665343621305
0,1,1,2,0,1707,0.5546915416119224,0.05743177807310556,0.0003642053869818472,1778,0.509267928187906,0.09884079943844326,0.00036853267087632186,1670,1.3405632007776886,0.30704466878008846,0.00227389283177701
0,1,1,2,1,5889,0.5367318475430938,0.05307566450653465,0.00011976776708847874,5950,0.5007209066713282,0.09200621671425492,0.00011421887257956901,5829,1.2626807524921617,0.27468150790665663,0.0007168992252816511
0,1,1,2,2,99,0.5687977423380048,0.05707534271006317,0.0009442847637930337,106,0.48320614777810833,0.10001167065507435,0.0010402375053071727,95,1.4372687161461706,0.3235338783138633,0.005230321584266343
0,1,1,2,3,33,0.5695689030464001,0.08095601488941727,0.0029458313601381436,35,0.48138636990810335,0.11379724499402057,0.0022216968123197206,30,1.5205895383053927,0.4149450324462167,0.020353019184365894
0,1,2,0,0,1290,0.5352084462570444,0.05005451175289298,0.00028354700192639057,1292,0.486381370403938,0.09976806641289045,0.00019491269825688725,1264,1.2755220906944809,0.28460483049443897,0.0015019754021757235
0,1,2,0,1,2952,0.5332210731672683,0.048017170764704624,0.00018520322815942974,2973,0.4833579668749133,0.09505142187195675,0.0001268220610170649,2901,1.2595749316766913,0.2790741132192697,0.0010030456393925577
0,1,2,0,2,47,0.5612318690654384,0.0712219534416619,0.002991742909524137,52,0.4948206388836164,0.11719328311565057,0.0021656522621456837,34,1.4769779971319168,0.40555671430701024,0.016778711732129362
0,1,2,0,3,54,0.537159504950388,0.06844598056189423,0.002510351238423486,58,0.46182727449979133,0.122771698522646,0.001664960500676429,38,1.4791459286634818,0.3689825077539423,0.025310407522737288
0,1,2,1,0,720,0.5437522214021046,0.0541738593969619,0.0005265173837334615,738,0.4776230362387393,0.09289962123228289,0.0004570107434961408,708,1.3304872294096224,0.30393062622309963,0.00307911646514905
0,1,2,1,1,2325,0.5327817027393759,0.053568029151101,0.0002376439141343624,2364,0.46974095381451303,0.0866083381569067,0.00018260568409230366,2275,1.270679711596812,0.29150581492989913,0.0013683806265299603
0,1,2,1,2,51,0.5833373488915642,0.06662517001741153,0.002772982085702465,57,0.4411792612553146,0.10915800996260924,0.0020246386365164685,42,1.5319973390474284,0.36199571557256977,0.017583219404346966
0,1,2,1,3,15,0.5661102792206895,0.07616872494478813,0.0050056529044501885,18,0.44439787833661665,0.10686232060267122,0.0034374240613943862,10,1.5041027416405635,0.3390259772118556,0.042456192124528155
0,1,2,2,0,330,0.5799988214794289,0.059175426991823786,0.0014268850951733652,409,0.45547546753843304,0.09840494742301979,0.0012914147688094543,300,1.4937618244284,0.3206673087972214,0.009375978361937851
0,1,2,2,1,1243,0.5537121299669395,0.056892044874978454,0.00044963513038104216,1302,0.46579167390883885,0.08489216483086864,0.000432051175403063,1183,1.3886130825931464,0.3102503057936746,0.0028719473646095345
0,1,2,2,2,37,0.6259635683564875,0.03914797286785622,0.003372113842108029,43,0.42604128728491697,0.09214054982481802,0.0026709324865855613,33,1.7878700022639444,0.24087980571388165,0.02837420125526141
0,1,2,2,3,4,0.5251267762824616,0.10076069653047369,0.0,8,0.45085925089737905,0.05436242248460522,0.004979285139880728,4,1.8213637579107915,0.47309376794434754,0.0
0,2,0,0,0,1162,0.5313646917972099,0.06651330447563397,0.00024269740248023314,1202,0.49618431891335435,0.12537746814415401,0.0001807426955301798,1169,1.18994760594516,0.3282866593673241,0.0010985343775876811
0,2,0,0,1,1684,0.5289462607710986,0.06399855106010674,0.00027367484571387893,1726,0.5013033083790484,0.11984488179555738,0.00022845915705485144,1677,1.1764381418268879,0.31046217641358415,0.0013120241394868845
0,2,0,0,2,910,0.5413646809790945,0.07004952726030006,0.0002729070706662327,976,0.5502368914541451,0.12741017261873128,0.00025331010605258097,912,1.23722682520928,0.3585416244488266,0.0015870848227037366
0,2,0,0,3,560,0.5457688330582454,0.07173642838866218,0.0004372780368879968,597,0.5354867425923654,0.12587142386390163,0.00040116079131788997,557,1.2688029802819478,0.37328301004788444,0.0025460808516227585
0,2,0,1,0,1653,0.5245395507845926,0.058255208187151505,6.726531020944911e-05,1664,0.530754258652831,0.09943207241466237,7.69358258275787e-05,1641,1.176528503787579,0.2770528646451452,0.000309971483126115
0,2,0,1,1,2964,0.5188218531580095,0.05560807685709315,3.058447866032986e-05,3001,0.5212235925310126,0.10116007290468865,3.2450995073289124e-05,2970,1.1427830945754114,0.2676475304981815,0.0
0,2,0,1,2,1470,0.530333999452315,0.061623917840723165,5.339750986734245e-05,1476,0.5676117388660468,0.10619558896444181,3.101738965276054e-05,1471,1.1977830417777566,0.3040887259096947,0.0003970099799999412
0,2,0,1,3,680,0.5305717443110353,0.06488790555306762,0.0,684,0.5562382824363119,0.11036345974998327,0.0,677,1.2044581669883438,0.32036264518413476,0.0
0,2,0,2,0,2051,0.5241275761587234,0.05349925974295401,7.736619144798795e-05,2049,0.5476545155382826,0.09431115641490408,9.598106177864248e-05,2046,1.1801253702739047,0.26399350799141763,0.0004922468199128396
0,2,0,2,1,3962,0.5214554631753348,0.05618794491204383,1.753556134074786e-05,3995,0.5393810250730118,0.09525889995354296,2.3948388944267298e-05,3970,1.1706543302030197,0.2725554286784164,9.072797493789757e-05
0,2,0,2,2,2439,0.5240871806126595,0.05928894310883746,5.261408605838701e-05,2454,0.5560500330640573,0.09863501445539188,4.983817120509282e-05,2455,1.1788382513558835,0.28963844897153984,0.00020774572413626098
0,2,0,2,3,1030,0.5240173651560065,0.061564221178580895,5.3168053121975924e-05,1042,0.553016341349875,0.10170865339407392,5.8114963251139726e-05,1042,1.1788409999138274,0.30855927982488435,0.00036115550869561633
0,2,1,0,0,1371,0.5241543526256139,0.05113482203794369,0.0001642235907728819,1372,0.5175744441176102,0.11496665301115208,0.00014315562320608294,1375,1.1791943339720357,0.25483704082608966,0.0008025501845795536
0,2,1,0,1,2098,0.5202300319081322,0.04785572443840989,0.00013565758646345957,2089,0.5131675119995932,0.10766722162946113,9.760404117161486e-05,2111,1.1543416694556397,0.23784971473976704,0.0005604690957684344
0,2,1,0,2,328,0.519701317287517,0.056547454197363047,0.00015656614054955102,329,0.5379140605415887,0.11940467614072701,9.165120299178744e-05,334,1.1921937636193227,0.2900993538775457,0.0006551936986652584
0,2,1,0,3,229,0.5287629323606164,0.05788102137725041,0.0005038440024357235,226,0.5358459351576914,0.11814268306234127,0.0002811061239592584,222,1.2235421293506603,0.27550050135926313,0.0024270498434062733
0,2,1,1,0,2017,0.5278621769407531,0.0436125282434063,4.317587580792667e-05,2019,0.5231795337880598,0.0934860418606341,4.3832988210970665e-05,2011,1.2262252095842128,0.22816440336446195,0.000183678020042539
0,2,1,1,1,4156,0.5227996936720569,0.04450459886048615,5.2758743780537484e-05,4162,0.5153061670497789,0.09463060618412014,4.771996323811322e-05,4158,1.1956596160983965,0.23220063764590657,0.00018838963428222474
0,2,1,1,2,876,0.5397094854944308,0.04853617292090611,0.00012742298090211423,875,0.5593468577421107,0.10279253432831197,9.800558073488483e-05,864,1.2975117171600328,0.26165484127098587,0.0007174909772058866
0,2,1,1,3,392,0.5380036594451303,0.047213367685833375,0.0,393,0.5526302276728914,0.1021475522546297,0.0,389,1.294293479477587,0.25109346811524136,0.0
0,2,1,2,0,1657,0.5377672994609322,0.046581828220246466,0.00010981818113028393,1670,0.5246766038147815,0.08568681386448058,0.00014513922094789005,1639,1.2915497886320724,0.25736957810928973,0.000617667936408281
0,2,1,2,1,3368,0.5298326277419365,0.04648640968226324,6.194111106351576e-05,3385,0.507515852018568,0.09032316665928194,6.489243480880104e-05,3341,1.256885778967513,0.2482267581672421,0.0003900665728130678
0,2,1,2,2,1156,0.5428482320163398,0.04732362898444129,0.00020156936474721902,1159,0.5369950686417587,0.09099874270283387,0.00016644841444836278,1143,1.328107390203622,0.2564501760731561,0.0011149107519939972
0,2,1,2,3,517,0.5469420824713616,0.05117368566826016,0.0003643634317329212,518,0.5253833784984786,0.09558033358919583,0.0003308380878363193,504,1.3566963345241327,0.2847887299300917,0.0024938062030136344
0,2,2,0,0,1318,0.5411389839925537,0.04840594529844707,0.0001619492086546178,1321,0.5231036394661568,0.10670880346259158,9.79355256379112e-05,1284,1.327525229364406,0.273793224099554,0.0007898488729826311
0,2,2,0,1,2306,0.5395881743959814,0.04886515827361827,0.0001184737417142197,2306,0.5163641518295387,0.10547922573469823,7.379100519449326e-05,2255,1.325786406026673,0.28270215532157505,0.0005931541865175407
0,2,2,0,2,200,0.5325056907834979,0.058080087974126976,0.0006683918236643757,205,0.506703776172774,0.10251929992678667,0.0004412400061808914,193,1.3246123318913416,0.3350430472037228,0.0041628891869361535
0,2,2,0,3,134,0.551784017648654,0.06161917640625703,0.0011811623071823416,134,0.5338975741609349,0.10344094141675922,0.0007674595823237712,121,1.4063835341033841,0.33387764501645273,0.007182073827250665
0,2,2,1,0,1006,0.5467248962647439,0.04309540513926155,0.0001278147404524902,1009,0.520351472332513,0.08802232790742809,0.00011220809782913603,971,1.3931369245289795,0.26046990081047616,0.0007176317140265206
0,2,2,1,1,2155,0.5423648305156065,0.043184968048128394,7.987922460584919e-05,2165,0.5111284842974663,0.08891080075339881,5.91330667215572e-05,2118,1.374739590059707,0.26282491063486785,0.00042467829137265956
0,2,2,1,2,501,0.5566399061740201,0.05188314959091472,0.0005443314395380016,501,0.5352913321398496,0.09572288938270548,0.00038048833857335935,470,1.466954630928033,0.29574565672134395,0.0035231042979798222
0,2,2,1,3,250,0.5581893760828257,0.05032088926189439,0.0005947743916403792,256,0.5118275806410714,0.09588376266224605,0.00047096645436056086,234,1.453211036832919,0.2769691245991424,0.003908211568079532
0,2,2,2,0,339,0.5585811403891442,0.04607803542946153,0.0006629193080618768,365,0.4976746969594833,0.09038024799885183,0.0007416386326724944,321,1.4491918047860075,0.26942663617252055,0.0037737945409425802
0,2,2,2,1,947,0.5464620492290754,0.045710203774070944,0.00024420783087612254,965,0.49442854734308445,0.08179727115552667,0.0002515526038114594,901,1.4030362636324092,0.2653459331622871,0.001351589273992733
0,2,2,2,2,487,0.5669161089654149,0.049264578621139136,0.0006821170064834987,493,0.5234325253555482,0.09975646079194123,0.00048635168322529057,454,1.4997613736422264,0.28233071754665856,0.0044417772984624
0,2,2,2,3,221,0.5693936223775488,0.048367125815436875,0.0009459363132414243,232,0.49646101340988064,0.09794584035934302,0.0007146880892432825,205,1.5254562658341924,0.29538462171421076,0.006295018593400044
1,0,0,0,0,85,0.5553158407885377,0.0647231572335188,0.0027249631839916517,89,0.4881598387287298,0.12305889246026694,0.0023795161834628924,83,1.3228954734219982,0.35033610525327796,0.014254807835508525
1,0,0,0,1,185,0.5377341084736483,0.07431539221835312,0.0011986291413285189,193,0.4787421007658752,0.11839410052729508,0.0009923854847521223,182,1.2341986055329515,0.3773392526129832,0.007166549011654984
1,0,0,0,2,63,0.5332245562173207,0.06313426964002214,0.0,65,0.48357807655464613,0.11688251214669279,0.0,62,1.1768669628520234,0.28367437718035404,0.0
1,0,0,0,3,24,0.5425531472882708,0.06370628557419146,0.0027156124614148036,27,0.5046295741516375,0.13753575970480098,0.002469682611605401,24,1.2362795568326368,0.32738195752730553,0.01163577088389949
1,0,0,1,0,61,0.5389901940515855,0.06743216131774063,0.0026786939318216942,62,0.5449599788706821,0.11341741322449302,0.002770298434031103,60,1.275983635892348,0.3479284614361621,0.011199219954643994
1,0,0,1,1,169,0.5186064797081243,0.05462587006017046,0.0009332169639318795,173,0.5191635889806254,0.11223352772795867,0.0007694467895996149,172,1.1250632945445433,0.28095734372399306,0.00389241383323232
1,0,0,1,2,57,0.5386945663210293,0.05826141741079073,0.0,56,0.5253283266123557,0.11192794623275222,0.0,56,1.2042716359739067,0.2781773143294601,0.0
1,0,0,1,3,9,0.5178688869274656,0.05070125036180755,0.0,9,0.49096063558429975,0.08752463381120745,0.0,9,1.111033803063646,0.21961333381109976,0.0
1,0,0,2,0,41,0.5449843909898574,0.062037612496732515,0.0022537394591506605,43,0.5543994031586408,0.11860136426556507,0.003968161124114711,41,1.2595309859543549,0.3240131262249983,0.0154986781752292
1,0,0,2,1,175,0.5218842624823378,0.06434058551889249,0.000152137740975555,180,0.5226895772039428,0.10904294982824347,0.00043430544046965143,180,1.1407052343874233,0.32249775247004353,0.0005966602824699451
1,0,0,2,2,21,0.5458852251400769,0.06867408496497544,0.0,21,0.5449625858272077,0.10721138274011013,0.0,21,1.2786206504348878,0.3580040222208681,0.0
1,0,0,2,3,8,0.5779162024015697,0.05574129329773621,0.0,8,0.5504407278864841,0.11608238149595893,0.0,8,1.4310769595463497,0.31654480924401046,0.0
1,0,1,0,0,439,0.5286443347777994,0.06473713486778913,0.0008814981631280997,450,0.5040584597739932,0.12132408130966288,0.0007656878788206851,431,1.2033481260901795,0.3232689438002339,0.004934952586020055
1,0,1,0,1,767,0.5303962603797123,0.0644913104742954,0.0005956132568518199,788,0.49665998552117185,0.12028884821937554,0.0004971603390856304,760,1.2169724445389416,0.33565403620719025,0.003171789452650539
1,0,1,0,2,79,0.5300135474983183,0.05532515831372333,0.0013187246944320022,79,0.4610701251925283,0.08992287353529708,0.0012246570278964127,79,1.1791908210789581,0.286200637526926,0.006544405432782694
1,0,1,0,3,21,0.5060804251073906,0.06934972994990012,0.0042348119004846025,20,0.4561278502425892,0.11436330976661302,0.00450838455101211,21,1.0807066690976672,0.3159806555048686,0.024333447597015015
1,0,1,1,0,179,0.5343439715458492,0.0598507785961486,0.0014385434376648026,181,0.5242085662454714,0.1090897390423037,0.001284893065362753,176,1.265987415997668,0.3248122477515047,0.008301049129582681
1,0,1,1,1,571,0.5113887282978042,0.05634346024720426,0.00046560031328606586,584,0.49478437674501563,0.09804798635217984,0.0004111134681740679,576,1.1270468944869299,0.28978287760855176,0.002497277935611218
1,0,1,1,2,51,0.550247989318644,0.060657229205966036,0.0018943265390733966,52,0.4828265633824599,0.10092186320344403,0.0019897909797622305,50,1.2903617598382089,0.31361268789861485,0.010952158173742715
1,0,1,1,3,15,0.5521563731960755,0.06619283769612465,0.0027836829676376167,15,0.5081082464608937,0.14601898656033951,0.0034223160999956076,15,1.3144639568272047,0.34884908825910044,0.01692742761909772
1,0,1,2,0,95,0.5651478763057501,0.060532974446396846,0.0018006678109008076,96,0.5297106656307927,0.11661652178164361,0.0022244559109729813,88,1.3654948580715103,0.3047069537527286,0.009808297204397265
1,0,1,2,1,315,0.5197870468146373,0.05394744517369497,0.0006890279236828556,324,0.4986934865980613,0.10133786434086296,0.0008151846567711975,314,1.1590783736969401,0.26299387828739146,0.0037507444022851664
1,0,1,2,2,31,0.5529830151479974,0.047228131365656394,0.0019589488890586234,31,0.5172057489881834,0.08469201414000721,0.0021285879242277143,31,1.3237778919121244,0.2791921521086842,0.010396612626127868
1,0,1,2,3,4,0.6059955884164104,0.06251127411330035,0.009233245070896151,5,0.4850055244287512,0.07014840210456691,0.011955544237088488,3,1.4280648708872812,0.18783174413682657,0.0
1,0,2,0,0,1589,0.5616380034844616,0.0632290624799992,0.0005440171884638835,1719,0.5205808044621992,0.10872393416205178,0.00044511715435936494,1283,1.4276788996746002,0.35209036669442667,0.003520067901296917
1,0,2,0,1,3854,0.54781692557448,0.06481285611159499,0.0003386969251853596,4076,0.5033454977992746,0.11317217056898704,0.00026115011944395113,3344,1.3825958421811557,0.36521980623490086,0.002043344528031273
1,0,2,0,2,61,0.5503963884896991,0.05658854373720727,0.0022180448287820857,65,0.4636063563376631,0.11191104874894794,0.0019460765955824424,59,1.2731152058707036,0.27218286939354636,0.011665296629631805
1,0,2,0,3,17,0.5979150333195324,0.06571580204985053,0.005499534386472724,22,0.46087426350132804,0.10138844018453749,0.004538111723269863,14,1.474621853880146,0.36847192513322213,0.042390554303562374
1,0,2,1,0,293,0.5792483902283363,0.06418047115346702,0.0017082546171764855,356,0.4642769720576442,0.10209563662884628,0.0013433748388714459,246,1.4781592326931208,0.3565059778322818,0.011560772926347176
1,0,2,1,1,1396,0.5471645242866815,0.06694879656926617,0.0006913466178628809,1542,0.4457827017210598,0.08939378579862481,0.0005414659725736284,1296,1.338090077011559,0.3574808873737302,0.004424814655366614
1,0,2,1,2,47,0.5659724711774207,0.06045736085655575,0.002486384166662348,54,0.49866787590130196,0.08215553465987291,0.002274201152923849,44,1.3636522807479072,0.3234686485973105,0.018764495849106475
1,0,2,1,3,11,0.5931347422573398,0.06835921113720592,0.009467564917750599,15,0.40975927681806223,0.09763009047728656,0.006600530977863899,9,1.5203372752721966,0.32996574213030017,0.05707106494612202
1,0,2,2,0,107,0.5957669316399243,0.06846343327684949,0.003294581815001453,134,0.4689479138882748,0.10294655760663268,0.0026959977303212786,89,1.569424486934568,0.3818008079651385,0.025193145457039285
1,0,2,2,1,394,0.5727126769084726,0.07008469471171237,0.0015683261046506257,450,0.4304098503631929,0.08881605855716414,0.0012641218998766714,333,1.4096540355554983,0.3399812429356842,0.010532588554679168
1,0,2,2,2,31,0.5872671470732229,0.04904631985960773,0.0036542962200976294,36,0.43243112539108397,0.07844310486818067,0.003323495339803613,30,1.563062020709693,0.31919842753416156,0.02219988443075206
1,0,2,2,3,5,0.6004646299690828,0.08720170586288571,0.011039090624822872,9,0.40041313076192137,0.09169374872411387,0.007054130516785708,4,1.5513057395553205,0.43685239857466285,0.04494759815451399
1,1,0,0,0,149,0.5367810182540247,0.06356219221256879,0.001368950866915907,156,0.48884935262017737,0.11520931256796509,0.0009291213036395257,152,1.215948818273212,0.32932863482465274,0.0061193016625172994
1,1,0,0,1,278,0.5288072039829309,0.07168149949948402,0.00101587625599684,285,0.48135370460933585,0.12361129467295388,0.0007075454889263184,274,1.176951232683359,0.34893637963726565,0.004989731800504506
1,1,0,0,2,50,0.5252757479235143,0.07916973055914443,0.0,54,0.5191622601110223,0.10390436017960132,0.0,49,1.1312189189163446,0.3586738934861593,0.0
1,1,0,0,3,14,0.5290556926144314,0.06386817408163922,0.0,14,0.5135084235548198,0.05867240939877991,0.0,14,1.1849160235449048,0.300881687209026,0.0
1,1,0,1,0,207,0.5082580348011252,0.05677108092167501,0.0006045994954656304,212,0.5275228280538685,0.1028717829151759,0.0003802392034414508,209,1.0808644792832216,0.268195251803468,0.002432183340658012
1,1,0,1,1,430,0.5089191989248543,0.05975011660275335,0.0003408230170929835,442,0.5135368637083794,0.10262003114035334,0.00041666071411292234,444,1.0758915834133205,0.2892574026228479,0.0014523337074669163
1,1,0,1,2,40,0.5223605930163236,0.06998833258701906,0.0,41,0.539787387459365,0.11240583815785354,0.0,39,1.140820736781885,0.3112387254890169,0.0
1,1,0,1,3,18,0.5302017722255049,0.057915615685995805,0.0023949628914202406,18,0.5251506983623702,0.1250945334228972,0.0034386077848931208,18,1.1983985196325586,0.2768674576683394,0.011417127598884283
1,1,0,2,0,225,0.5190160678836147,0.06044482849021818,0.00019310431672213467,227,0.5329859901320058,0.102028564308682,0.00019352410945854844,227,1.147819448702479,0.29448343030179985,0.000695481949761565
1,1,0,2,1,470,0.5051866042724225,0.057375487366210856,0.00027106998247839126,482,0.5223110157405291,0.09880153191463736,0.0002791818651521674,480,1.0688000176980823,0.27086086192478614,0.0011549733820442288
1,1,0,2,2,29,0.5017610330952905,0.057041810312996453,0.0008734519767699658,30,0.5506448642341596,0.09226049213656949,0.0008299247785502172,30,1.0648120166474901,0.27688491032788676,0.0068296584074132825
1,1,0,2,3,9,0.55918069811869,0.0883953977869577,0.005005192733365021,9,0.5706640680579511,0.13339472534720706,0.004649024080368763,9,1.4039660306413955,0.44091525237998286,0.02990183824807819
1,1,1,0,0,545,0.5118639008061774,0.04863693611782111,0.0004979290644335512,559,0.4957488471140482,0.10082686384190061,0.00048356862257522263,557,1.106060028247673,0.2387273274736316,0.0020688877428117224
1,1,1,0,1,989,0.5076535259411628,0.05273935737378342,0.0003950829893309276,1004,0.49177393547793663,0.10115813565657975,0.00029071651662634744,1003,1.0863586433184136,0.2548381864537648,0.0016855956352562723
1,1,1,0,2,34,0.5327294356337506,0.07716165111989069,0.0014749030109996023,33,0.5841581079793564,0.11329147168623344,0.0014308818844717907,33,1.215223809936137,0.3910315622663909,0.010534285590843058
1,1,1,0,3,14,0.5223834983296043,0.06636696038465771,0.004308673854701892,14,0.514251195316024,0.11783545032348523,0.004701881394809146,14,1.173670130073523,0.33335469112092864,0.026976215305707065
1,1,1,1,0,516,0.511579388578305,0.05335632087572514,0.000370369294243006,522,0.5007151694056051,0.09584119861760287,0.00025619035975284963,523,1.1231843987880386,0.2662006657600459,0.0016844387342729286
1,1,1,1,1,1220,0.4977681206284994,0.04957132078841951,0.0002513092686036511,1235,0.48142674485924136,0.09106319078732344,0.0002162621460649082,1237,1.0543705600453896,0.22873655169629245,0.001002630381286173
1,1,1,1,2,57,0.5028499485243799,0.06216072760094502,0.0003043899323389531,59,0.5288197547365042,0.10957491480302144,0.0006652562687233187,58,1.0655740843022752,0.2742194944166667,0.001249589166973352
1,1,1,1,3,24,0.5227644127356572,0.04742322267236484,0.0,23,0.5389542951578467,0.08719327280626436,0.0,24,1.2063083283643827,0.2622193073759832,0.0
1,1,1,2,0,449,0.5260844895194696,0.0595385429929371,0.0006091165134157274,464,0.5081802372652209,0.0978716241617347,0.0006545771191490041,443,1.189001570682645,0.2997753737135235,0.0028889484300176184
1,1,1,2,1,797,0.5077344144720498,0.057456478248443014,0.0003320190364983937,818,0.48736085472913393,0.09582264473970135,0.00028185709860879755,808,1.1135921453869375,0.28351834205995813,0.0017601613406541474
1,1,1,2,2,41,0.5291309940192712,0.05347789522975449,0.0,41,0.5183130862486731,0.10187048733887984,0.0,41,1.2228644955495236,0.26847517224741324,0.0
1,1,1,2,3,20,0.5404517820736526,0.041815963658042035,0.001052684354617095,20,0.4910788876795086,0.10006106670435656,0.0024972655595198318,20,1.2880713292905195,0.2205307009825531,0.0054438048352060675
1,1,2,0,0,1764,0.53254227709155,0.059081004176347506,0.00034313638147402003,1825,0.4910389415984582,0.09551613372561736,0.00026773826664301214,1664,1.2756045013382495,0.3455388110559797,0.001670196723777652
1,1,2,0,1,3558,0.5218115959766176,0.057408842238902975,0.0002370483306908252,3637,0.4757082487247366,0.08962800230004443,0.00015810759329970843,3420,1.2188424258991517,0.31669175411172806,0.0011105635362272563
1,1,2,0,2,41,0.5530715145589095,0.07206305219315151,0.0024086116976980085,44,0.47486129064955507,0.11248033129832666,0.0015040162333287374,38,1.3037640289067811,0.35968695087574887,0.016759047440024346
1,1,2,0,3,14,0.5371691890469384,0.0926257647749528,0.0038686414735189445,15,0.4740163390141771,0.14109583515728158,0.0038262254086847765,13,1.26334895697024,0.42824678008155737,0.016948577270855903
1,1,2,1,0,860,0.5388437166654156,0.06489679835756572,0.0005679061569733937,908,0.47236076143261524,0.10016353049081901,0.00043034278810107047,829,1.3052664706982342,0.3534721560464819,0.0032708022075542483
1,1,2,1,1,1950,0.5236752496915807,0.06149292392443039,0.0003102354231558866,2019,0.4608640856093999,0.08950602818379222,0.0002262701990115896,1904,1.2300913630139954,0.3236495234458475,0.0016711328806849727
1,1,2,1,2,85,0.5372980879412468,0.0662472447516541,0.0016993247178365076,92,0.45271847863175885,0.0870148106263241,0.0016241811134240672,83,1.2799199920565654,0.31312320775043084,0.009633121828798826
1,1,2,1,3,27,0.5260932390016392,0.06637037776632723,0.001883231847426443,29,0.42977828607348073,0.11336905731802838,0.0016374526413311223,27,1.2545577788114153,0.3614966684505806,0.011843080555423834
1,1,2,2,0,382,0.5572133407632981,0.06705883017561966,0.0009830905118298008,425,0.4618273518329421,0.09384792683402246,0.0009460948745196601,348,1.3689096788168056,0.357856112880256,0.006216522542175049
1,1,2,2,1,716,0.537630212773118,0.06575255773958884,0.0006304555099007019,760,0.4556831443972063,0.08410360669311312,0.0005553216391191597,674,1.2985496788787438,0.35463633594954685,0.0035894282280457216
1,1,2,2,2,36,0.5709516448271797,0.057859273225324734,0.0029472917179308444,38,0.457333161671074,0.09400779137261975,0.002394102002042022,34,1.4131856336446962,0.3133243004543778,0.018807562093738732
1,1,2,2,3,14,0.5759750864149399,0.07196382647608245,0.004083562922552834,16,0.4186600506077581,0.08838923285192507,0.004330040286223993,13,1.527645212121852,0.39553060930832834,0.03216761446408844
1,2,0,0,0,193,0.5347925156310758,0.06804267865684273,0.0009324039035909593,209,0.4808023680662948,0.12013216009207889,0.0009434569471704629,194,1.1903282717554158,0.328241684204547,0.004467315962549192
1,2,0,0,1,252,0.52933237284571,0.0661995530488193,0.0007372840952941185,260,0.49105658999589696,0.1105701403415245,0.00048778562980118285,252,1.1894402035063534,0.3278373868582631,0.003689963666661823
1,2,0,0,2,292,0.5414663087336861,0.0675122494433503,0.0006423802348259801,305,0.5221948750045555,0.12929471562386355,0.0005767426346687891,289,1.2515706082385463,0.33977088597592275,0.0031066396633851016
1,2,0,0,3,147,0.5415939555015694,0.07217248107903612,0.0009366505835899217,158,0.5184329469883062,0.13509013379714446,0.0008970767364746577,145,1.2593228022415843,0.35289120644353006,0.006532260511940825
1,2,0,1,0,326,0.5205530965503993,0.060512313205374334,0.0005390047436922692,336,0.5071141023453487,0.10293179063661101,0.00047715848918283333,329,1.149295704960618,0.2938099897237056,0.002383212695747
1,2,0,1,1,382,0.521674244935276,0.061047989161583834,0.0,389,0.5163120616169387,0.10403965499405822,0.0001515592806239062,385,1.1497221275867864,0.298793311341476,0.00039375966670755297
1,2,0,1,2,444,0.5319300449270731,0.06520855838178422,0.0003483983198618153,442,0.5505913624365188,0.11281271395695926,0.0002568244369914786,442,1.2128864443279457,0.3253397707595556,0.0019841286433553884
1,2,0,1,3,178,0.5299460239702922,0.0639689738365285,0.0002630196387065718,182,0.5400785892178059,0.11364167209016736,0.00041896270466508956,181,1.2127125717393477,0.3286524039156632,0.0015156745754718532
1,2,0,2,0,468,0.5134424661530941,0.05648135970709214,0.00025044041237323945,475,0.5351034804363923,0.09294850900528825,0.00023341319033218051,474,1.1110517439580057,0.26854985344253807,0.0009774468590949034
1,2,0,2,1,591,0.5118000594428753,0.05742877978875583,0.00028647375210972794,600,0.5233988885927386,0.0945562075946928,0.0002749319806072843,598,1.111024957908485,0.26903832019007456,0.0014179312619207569
1,2,0,2,2,422,0.5198025736120614,0.06127887348213442,0.0001342042028414509,431,0.5311394488297168,0.11111659386526951,0.00010278648144322582,424,1.1618511113006889,0.29667801082502765,0.0005487254847923587
1,2,0,2,3,213,0.5236944631357768,0.06591627983665956,0.0002816563493234931,219,0.5311223661063107,0.10301969098502932,0.0003811923853266186,211,1.1868271736281304,0.31226801342104665,0.0021873283419935044
1,2,1,0,0,360,0.511163509151905,0.05185076243493668,0.0005154035448408174,359,0.49505973911604334,0.11228383879001543,0.0003952403800751936,363,1.1232603828358732,0.2524992606830319,0.0024531511949011514
1,2,1,0,1,566,0.5098114571548846,0.047649964781927026,0.00036571708046769067,568,0.49348893700066,0.10138651417475987,0.00025470634146282047,576,1.1023686900603098,0.23092225125206772,0.0015219579215347175
1,2,1,0,2,242,0.5240220434327871,0.053263086294736056,0.0006816346949256567,241,0.5468351132856819,0.11441237846268884,0.0007222034278739349,244,1.1717264835857113,0.27013827682173913,0.00362518182683241
1,2,1,0,3,151,0.5187096209023084,0.06218012438202424,0.0008986596506263708,151,0.5286160488392981,0.1272925757873251,0.0005393336479087315,152,1.14943673898941,0.2955288285005876,0.0035359992521724207
1,2,1,1,0,621,0.5143441251733754,0.05225888928774582,0.00025353148672089263,623,0.5140978712769928,0.0986996773219786,0.00021953001157441174,618,1.1577205352676598,0.24560058913727673,0.001049023375109139
1,2,1,1,1,937,0.5103347210576101,0.05042922611520852,0.00018703890098856774,948,0.49555972638668166,0.09855993331703272,0.00013842817299931565,949,1.1378685335203296,0.25455455409212824,0.0006975813422958137
1,2,1,1,2,524,0.5259949938895401,0.05244577942997582,0.00028176014378829376,525,0.5631491599829431,0.10531568596562163,0.00022034198528858334,531,1.225067987542065,0.27979604979303935,0.0017951117355141735
1,2,1,1,3,293,0.5286240767637478,0.05262441485533179,0.0003726334046573538,293,0.5583842923164036,0.10942111664665105,0.0004490846232615917,295,1.2454525760034951,0.2850589362736444,0.0018954923651914274
1,2,1,2,0,555,0.5174664852289844,0.05078406090467262,0.00032849685879797057,559,0.5083193358076229,0.08501810352699181,0.00029203633915468857,554,1.1740874258521647,0.26419254684782056,0.0014083456407634916
1,2,1,2,1,806,0.5182433797974298,0.05000807480677115,0.000173443722747941,817,0.49552042516071604,0.09063311785883822,0.00016061094781362107,811,1.1807527879543291,0.2635777116359374,0.0006826114215481882
1,2,1,2,2,456,0.5196406828619933,0.04939686635985941,0.00017749970983795463,458,0.5441717347145275,0.09790573869838401,0.0001794197802245376,460,1.2098251758466239,0.2604803556222135,0.0008870306291284421
1,2,1,2,3,249,0.5142846129675648,0.05442231160937312,0.00013764928813562476,250,0.5313235879419335,0.09923572229538186,0.00020194930646119747,248,1.1886985036598847,0.26532378767032416,0.0005975313017168492
1,2,2,0,0,1382,0.541094977028727,0.061131026845574574,0.00027129454194182805,1412,0.5138299575267107,0.10288025501303495,0.00017956579531872737,1216,1.3444183136957504,0.3507982065462678,0.0014955164133903594
1,2,2,0,1,2765,0.5363261184979827,0.05830732360270824,0.00017520140278316873,2816,0.4979193807820254,0.09891244895851885,0.00011302173199775516,2591,1.3303664480191717,0.3401600112178657,0.0009062187840209892
1,2,2,0,2,440,0.5332250396666811,0.05770789482943778,0.000496599374841055,463,0.5100129993721765,0.10325176635526377,0.00037896527675809874,424,1.2800023162809897,0.3215063480630326,0.002298991367875777
1,2,2,0,3,253,0.532288521426,0.06898066006117058,0.0008212679245070663,268,0.512931471401833,0.10476763759052837,0.0006309616686640874,235,1.2731930487185854,0.34314965208033515,0.004601865810729285
1,2,2,1,0,905,0.5408298523793528,0.055486052150949025,0.00028632292566179086,931,0.5075013161661964,0.08900495720607988,0.00025247283898964165,849,1.3725819307471234,0.33603727863693167,0.0017069494856067422
1,2,2,1,1,1869,0.5359804194136915,0.05580839501032143,0.00017358122103708712,1898,0.5005581838633971,0.09068887448218128,0.00012724100684141128,1774,1.3469326383063664,0.3304511737429066,0.0009604518595314537
1,2,2,1,2,893,0.5392646979896839,0.057208032023527595,0.00029086075337842273,906,0.5213438779555236,0.09571369186659312,0.0001913141017543989,852,1.351935658698974,0.2979346053936312,0.0016473316727040634
1,2,2,1,3,397,0.5361689163656809,0.059190634912417175,0.00048567629475495465,409,0.5125609403849788,0.09361415796514876,0.00041906327965863654,382,1.3513194626946465,0.3122408840151996,0.003146730826864208
1,2,2,2,0,347,0.533184320022818,0.0600735444741315,0.00060765706097233,351,0.49406040728824113,0.08340919758248715,0.0005805860784865927,331,1.3017190651933486,0.3262718031190683,0.0035246039439365607
1,2,2,2,1,684,0.5339745124352026,0.054248535377719634,0.00033722429397052854,692,0.49325625783141974,0.0840059979770648,0.0002717498140927107,654,1.322000382878663,0.30760792738508264,0.0016479032057595102
1,2,2,2,2,495,0.5464971996646767,0.0520435498573806,0.0004818817877501515,506,0.5207328986209399,0.0892824142787828,0.00040946574279351514,473,1.411354940403997,0.29709526433473094,0.0028972740158252686
1,2,2,2,3,220,0.5537565944801665,0.06215700838379678,0.0008692340082897306,228,0.5008935147401585,0.09593277787633091,0.0006885880135461722,197,1.4101254213865384,0.31742563094836346,0.005801545450935754
2,0,2,0,0,669,0.5969805570242183,0.055547925354617715,0.0010343673080071376,796,0.5594945414539918,0.10787938735652096,0.0008849584538762442,536,1.5834282451482489,0.3132484715480408,0.007669783200691484
2,0,2,0,1,868,0.5927504181535219,0.057741748106241136,0.0008953770902851056,1065,0.5474358899443209,0.11801198366050392,0.0007776075440174711,662,1.5568563883804596,0.33714282295475134,0.006840358717145355
2,0,2,1,0,126,0.6125607214245474,0.047093184061887956,0.003215832638848141,190,0.4957585273291561,0.09599137321187765,0.002450873904577314,103,1.640283776227948,0.2755022098118965,0.023459157129151666
2,0,2,1,1,238,0.603328032396326,0.05564010086373115,0.002118888373369887,321,0.48757260671196173,0.10218612892833394,0.0017535838150419883,193,1.591206978325216,0.3224743967398156,0.015917974925658634
2,0,2,2,0,47,0.6329253203480468,0.040413097244887626,0.006418154980354212,62,0.4898166571229166,0.08172329624634785,0.004599722054583416,35,1.722348067351349,0.21195762656818612,0.048854280290112795
2,0,2,2,1,106,0.6210539985160729,0.05247947544233954,0.004072829392966478,131,0.45033864316165123,0.08107328249485952,0.0030640684584176798,78,1.6825636230144114,0.3008042923140737,0.03238772541833068
2,1,2,0,0,49,0.5534067394898918,0.05273298827185224,0.0016967798089724954,51,0.5294996150138936,0.1160044379102901,0.001793416765849396,45,1.325351400986471,0.2848603334403821,0.010150753385761805
2,1,2,0,1,87,0.5708190793577691,0.06079619267387205,0.0013214962888448269,92,0.5554814638483958,0.10359860245554398,0.0013698476388490457,70,1.3790075007273077,0.32187968229518593,0.009182746204557227
2,1,2,0,2,18,0.5569691261218501,0.06406013662029975,0.004579480894300033,17,0.4365223942408769,0.0966369500811788,0.003631139262466826,4,1.230710740123733,0.6268262023278189,0.05231855989962651
2,1,2,0,3,8,0.5717230284411748,0.061301980901821145,0.005963888504119231,8,0.5205775004942698,0.1363931035747301,0.005435668431752626,1,1.8802570065345503,,0.0
2,1,2,1,0,33,0.5934345772329978,0.05657980885010229,0.004105420387516959,39,0.5066307766710721,0.07151461697022304,0.0029263957842310946,29,1.5129022220263804,0.302513596234139,0.025997216824534482
2,1,2,1,1,40,0.5482941240618333,0.060693941211310505,0.002826012250761547,43,0.47380968578672195,0.09065217906852194,0.00230650803636161,39,1.3078309901833058,0.3132391217216958,0.020464502468626872
2,1,2,2,0,20,0.5922712577880944,0.04407033824868417,0.004775009332940969,23,0.4336299675435248,0.10049411233984476,0.004273516568237781,20,1.6139175646892086,0.31325110375350984,0.037010200285165495
2,1,2,2,1,36,0.5830237293751908,0.06261780375701911,0.0039647465155375405,39,0.4364506923876358,0.0748325891260829,0.0035693433825403184,30,1.4476020724993293,0.3079552409739455,0.020947218250250293
2,2,2,0,0,16,0.5428823602989914,0.035875032085993394,0.003232773379085959,17,0.5940979809811483,0.09532702657086072,0.001766685081943449,16,1.3589703887553932,0.21056813598433752,0.013492150157195416
2,2,2,0,1,22,0.5621867772551078,0.0684437988774684,0.0,22,0.5784291552791104,0.10211996872326704,0.0,18,1.4653054567910446,0.3633725558160704,0.0
2,2,2,0,2,51,0.5747341619164186,0.06133365994263199,0.000960338917721515,53,0.5279782642033697,0.10198027462382313,0.0003775093264585801,29,1.5314190674694421,0.2730577379631673,0.007479190486896515
2,2,2,0,3,46,0.5634476762537465,0.05086956337857939,0.0020213165756051313,49,0.519971679058396,0.09948155214295772,0.0021097892096027513,34,1.6331178271580473,0.3256821896709178,0.019389931274122002
2,2,2,1,0,3,0.5870994336111708,0.09446716292664566,0.0,4,0.558018918454749,0.10414110132610606,0.0,2,1.4359044508417633,0.31486501177889237,0.0
2,2,2,1,1,4,0.5887335857364828,0.03292564474973903,0.0,5,0.5913886994369528,0.0635967467870376,0.0,3,1.664234673520454,0.32088043412367656,0.0
2,2,2,1,2,61,0.575785494317129,0.05293105386972855,0.0008292783112694849,60,0.5296003275045366,0.0899973312502475,0.0004699783918870346,35,1.5744008816023574,0.27759909425505475,0.00706119078538595
2,2,2,1,3,37,0.5763048239633355,0.05622567826477632,0.0,37,0.557632880860087,0.07783479887657556,0.0,25,1.6085836507085178,0.32189905356590715,0.0
2,2,2,2,0,4,0.5726966419618341,0.09900562811259422,0.012992175257043792,4,0.4173337389051675,0.13061656387380038,0.011256797491205813,4,1.5607415616873694,0.5722127805728772,0.11049964388668827
2,2,2,2,1,3,0.5237243476005072,0.031797437874630796,0.0,3,0.4840835922905797,0.03986874162125534,0.0,3,1.4062177328075425,0.4967826653478414,0.0
2,2,2,2,2,33,0.5936508400508469,0.04559270545782653,0.0,33,0.5695552652490322,0.07290398577813448,0.0,20,1.701965309888072,0.25093904184088467,0.0
2,2,2,2,3,22,0.5636604314377324,0.04518050583082952,0.0,22,0.5427925653864226,0.09297016976808326,0.0,18,1.599099400339565,0.28387117135672457,0.0
3,0,2,0,0,605,0.5903237568157147,0.05936127845595047,0.0008823727974123818,755,0.583024182227152,0.11285719186597745,0.0007578861866138005,429,1.6006463732184275,0.3336932370929411,0.006841865046264977
3,0,2,0,1,622,0.5879171157268632,0.05980167254731578,0.0008751734201197153,754,0.5662210314173881,0.11615411890207668,0.0007861980583301076,422,1.565442626341681,0.3239883850042141,0.006569063221146351
3,0,2,0,3,1,0.673562808516475,,0.0,2,0.4640763720577257,0.22188825500030976,0.0069532068053253515,1,2.139122335844411,,0.0
3,0,2,1,0,51,0.5861417018114258,0.06366625131560301,0.004233577895477858,62,0.4981752592336307,0.11848457564442313,0.003375002891678652,46,1.5983646414006152,0.3311363264302986,0.027173237155189104
3,0,2,1,1,70,0.585911639904228,0.0648285156107203,0.0036403071381070724,86,0.48770713992680403,0.10016649245102877,0.0031025793532708642,55,1.565090634351355,0.39762065057740825,0.02920795109811789
3,0,2,1,3,1,0.6413149680239134,,0.048932499439036325,1,0.5591537387027482,,0.029614655579058513,1,1.856349217260833,,0.35204784585691895
3,0,2,2,0,26,0.5999995322455999,0.06302325644786723,0.006750574676049133,38,0.44920918172698304,0.10231294654313594,0.004733162494181024,22,1.5750722465385976,0.31172073949500817,0.04565752811950812
3,0,2,2,1,37,0.5940248439553125,0.06839254432802168,0.005407204977154491,40,0.43720586901192016,0.07557498384186438,0.004256278996367809,28,1.531774621772387,0.366667723494184,0.047202172811435635
3,0,2,2,2,1,0.5716731480830226,,0.03928018623939067,1,0.293819490576487,,0.017736566474220283,1,1.4387460257096472,,0.23371622460236074
3,1,2,0,0,124,0.5590184218134627,0.0584921044082168,0.0013531429144232542,125,0.5414183077267519,0.09727665145344931,0.0008977275985272779,101,1.3651594071410447,0.32783735769320776,0.006853864722646821
3,1,2,0,1,124,0.567631554324418,0.05842438639931187,0.0012872080777600828,129,0.5554360623342559,0.10288165001667494,0.0012745009071610627,94,1.4306493110310534,0.35727286416505183,0.008970911384078352
3,1,2,1,0,36,0.5513448656752605,0.06801768952962857,0.003094663935404384,47,0.4681939505372209,0.09755430193960452,0.0029084231225101243,33,1.3018020508555999,0.3059770934499137,0.019401230936726556
3,1,2,1,1,38,0.5663675503276181,0.07408232279982657,0.0039034253902285095,40,0.4539987504040638,0.09971671994325179,0.0028438948677764974,34,1.4503355477488677,0.43961146477358154,0.024521348436526737
3,1,2,1,2,1,0.4992610645106906,,0.01278167122009427,2,0.3851935668889258,0.05486157358601128,0.027203286798156194,1,1.2666809571381652,,0.0656137960589167
3,1,2,2,0,20,0.5408104765659452,0.08559313740339194,0.006272834159638106,32,0.3700326238087466,0.08486325757597155,0.00418764738766626,17,1.2204946903953868,0.32212245252658717,0.031982901428009025
3,1,2,2,1,50,0.56583586553136,0.06422233616317857,0.0030199219718775776,56,0.3950393702124292,0.07704728852406297,0.002548454715968905,46,1.4787817175328013,0.39495633167589805,0.023395756956975326
3,1,2,2,3,1,0.5534412261745103,,0.0,1,0.3278230197866719,,0.0,1,1.3609738695670757,,0.0
3,2,2,0,0,74,0.5607403653564541,0.05920210280797082,0.0008909959111939162,84,0.5531720638167922,0.0981483611883547,0.0009684342500272987,62,1.4982229193636758,0.3504862993732942,0.006204128254281236
3,2,2,0,1,62,0.5618914086318724,0.06449936863049051,0.0018293601772059527,63,0.5608726486322795,0.0905111269317081,0.0014313511192382217,45,1.4275888261232768,0.3405018580068004,0.012031199385859608
3,2,2,0,2,74,0.5561956051692901,0.07326357684253018,0.0013920145558654208,88,0.5070855279427243,0.10826696452347064,0.001696022170476305,50,1.443373793475911,0.3500497474152385,0.009893053032167577
3,2,2,0,3,61,0.5636503608757104,0.06551962067173481,0.0016826579143140758,63,0.514577577574697,0.1098000353046638,0.0010362132486962182,39,1.542326226220092,0.35678161364631117,0.018556450185445893
3,2,2,1,0,33,0.532899948398496,0.05922010313840169,0.0009120341138712198,35,0.5075654839906497,0.10487437578799351,0.00025366383830349726,32,1.2536705256799192,0.3381806050512915,0.005617280869654594
3,2,2,1,1,28,0.5424460276705696,0.04731367175022706,0.0019358726324791916,28,0.5032633292051178,0.07770823556137892,0.0014435184503058102,27,1.2840702463757185,0.23560737467617623,0.01096002023940228
3,2,2,1,2,65,0.5542028123239348,0.06218102591701469,0.0006898217844691849,67,0.5157257679740509,0.09162894619270193,0.0005386900767217509,47,1.4928522074160055,0.3750733418928766,0.0065298473843210855
3,2,2,1,3,61,0.5533422520337019,0.06845378825693642,0.0,62,0.5293393520483344,0.08948837748700963,0.0003253449529527192,46,1.4651629186251598,0.3403765427602353,0.0
3,2,2,2,0,13,0.49963748291780014,0.04761740480796509,0.0023448439660893093,14,0.47075567799859597,0.06914426263984554,0.0012495958468816306,13,1.1695435807794343,0.2511158814636414,0.008714704938230797
3,2,2,2,1,27,0.5160175853616594,0.04118955317033688,0.002007960794971035,28,0.462351525145752,0.07708087627741131,0.0012612653414667187,27,1.2153253860167903,0.1994342192072412,0.010019724884700468
3,2,2,2,2,23,0.568515753369964,0.055877246439952774,0.0,24,0.5222450986140471,0.08025547186308356,0.0,16,1.6628907114686784,0.3410362823766317,0.0
3,2,2,2,3,21,0.5328025509984525,0.057734047191568216,0.0,21,0.5304066317049367,0.061150397177862505,0.0,20,1.4980876731160149,0.3124247437250161,0.0
4,0,0,0,0,1,0.6157829166864588,,0.0,1,0.7184839041016656,,0.0,1,1.6158942692845353,,0.0
4,0,0,0,1,1,0.4932075319439392,,0.0,2,0.4363527210361816,0.24177119931961727,0.0,1,1.029403476608728,,0.0
4,0,0,0,2,2,0.5738146944139308,0.02323223305279162,0.0,3,0.43062831941910146,0.10497447725657784,0.0,1,1.9018515920415504,,0.0
4,0,0,0,3,5,0.5729252402414786,0.07206331222987036,0.0,3,0.370044844649811,0.17789282375639065,0.0,4,1.4987659316913544,0.2966366023050525,0.0
4,0,0,1,1,1,0.5263167347183505,,0.0,2,0.6366062680812534,0.13918882615305378,0.02702723937317253,1,1.6100358928543144,,0.0
4,0,0,1,3,1,0.487223555124171,,0.0,1,0.434318862818372,,0.0,1,1.742202880670376,,0.0
4,0,0,2,0,1,0.6152810091999084,,0.0,2,0.5644505012011329,0.1587325842035757,0.0,1,1.7842627583304338,,0.0
4,0,0,2,1,1,0.5653659212775254,,0.0,1,0.683254564227407,,0.0,1,1.4626623287274787,,0.0
4,0,0,2,2,1,0.5447500052617027,,0.0,1,0.3904835599088822,,0.0,1,1.903176324408039,,0.0
4,0,1,0,0,1,0.5736523880426746,,0.0,1,0.7442330904025426,,0.0,1,1.4920255322121585,,0.0
4,0,1,0,3,3,0.618747419027699,0.08713251408935098,0.0,6,0.2974703990004381,0.034450361606105685,0.0,1,1.9909988973003387,,0.0
4,0,1,2,1,1,0.4959182396821657,,0.0,2,0.7124727294991379,0.03324968687628701,0.01933386972228701,1,1.067411057978384,,0.0
4,0,1,2,2,3,0.5288600432963628,0.03561318763517582,0.04138546358548205,2,0.3589800413989169,0.18955149491046247,0.02013415002812699,2,1.8038603926971981,0.0037483355601978584,0.2492184898934372
4,0,2,0,0,32,0.620945018191718,0.06908102608452191,0.004249659286322065,67,0.38363036496670416,0.11479862285214548,0.0033182745648987324,4,1.7326992267105517,0.16942688580194287,0.1061730681257372
4,0,2,0,1,63,0.6035577354024589,0.07553866936599309,0.0029463843502649713,117,0.4307208437138647,0.13139306649951965,0.0025558473603722134,8,1.5790618847633118,0.4825613998112368,0.02749135133894899
4,0,2,0,3,14,0.5811252854124567,0.061523421155569864,0.011158795242067506,25,0.3686763941763924,0.09446389905358343,0.007968054560797806,2,1.9323556531988444,0.07410229237968177,0.0
4,1,0,0,1,1,0.4658430333371571,,0.0,2,0.4384631204269341,0.21601947368731356,0.0,1,0.9224984083846448,,0.0
4,1,0,0,2,8,0.5931259006409917,0.09147341192171451,0.005179502136904587,12,0.4464309550606525,0.14617746217643876,0.0049426545587112,4,1.7044273545629995,0.2253714630613152,0.0
4,1,0,0,3,10,0.6029805914805385,0.07839622649341767,0.004560461177069852,19,0.3876319599941741,0.15230510963287683,0.0016977928692699519,3,1.3860484199718284,0.21396127331756104,0.0
4,1,0,2,2,4,0.5454808976490035,0.07988281733715476,0.0,5,0.42123388578992155,0.10775866622661874,0.0,2,1.4524358477528447,0.3150133273997026,0.0
4,1,0,2,3,5,0.5494002649866773,0.07680994948232396,0.004783900439506472,4,0.49791252133774533,0.17184636855274601,0.0,1,1.852269169019113,,0.0
4,1,1,0,2,9,0.6059403001276139,0.0759348569213127,0.00608765409644296,8,0.3846599141849386,0.11843119755945888,0.00619399970256506,2,1.5914763981933029,0.12960053605697455,0.0
4,1,1,0,3,14,0.5862001600819531,0.06518855555165785,0.005889595349142335,17,0.3618909481667122,0.126837782928546,0.0059234755460750785,4,1.7745121624449356,0.3237401309635016,0.0
4,1,1,1,2,5,0.5600058451117021,0.08635708455948629,0.016774651867298318,4,0.5488466975447922,0.18701479159769227,0.0,1,1.5348583685171815,,0.0
4,1,1,1,3,3,0.6194286648581286,0.06766042800583144,0.0,5,0.5847055437200244,0.12871961422115485,0.015446687244543034,1,1.8637010629306447,,0.0
4,1,1,2,1,12,0.5542258506743442,0.06336067812018563,0.0024225039587026653,11,0.40967323385795196,0.08135623926042711,0.0018935113320952546,3,1.9731800808935527,0.19888606850802934,0.0
4,1,1,2,3,5,0.6180067293678905,0.06334396657402339,0.01245186828433629,4,0.46088766512488194,0.05180154740536666,0.01602844042176809,1,1.873436978658696,,0.0
4,1,2,0,0,7,0.6085431767620653,0.08592659128198621,0.01158828187617508,10,0.4128453118343782,0.10913818930832547,0.008168167935264743,1,0.938314238002753,,0.09888508086730241
4,1,2,0,1,26,0.6039288808162018,0.0580932884318465,0.00400203344051948,30,0.40877762952893065,0.1053148474669886,0.003435401643803208,4,1.990997107592721,0.2913280044787337,0.06148997341294882
4,1,2,0,2,34,0.5875288725422616,0.06585636579361574,0.0044911924999652495,39,0.38364365977923476,0.12040336713478784,0.004081181385110919,5,1.659565129837184,0.1750821260031178,0.06684074821521176
4,1,2,0,3,40,0.5925847528173126,0.06864549099153629,0.00521626647716786,41,0.3807255126902514,0.11132115947487808,0.0043996679617651635,2,1.6222342111343035,0.30629835152847495,0.12402469017201068
4,1,2,1,1,18,0.577406867831262,0.05353247023678138,0.003090859830599043,19,0.4101723756486655,0.09772630410494695,0.002433383683496026,3,2.0903377155530647,0.09691337944266724,0.0
4,1,2,1,3,7,0.5863660449878308,0.08993467741402414,0.011367723660105461,6,0.4033463325307977,0.13081476452943366,0.007547922264233449,2,1.7248373988688859,0.23299238069646414,0.0
4,1,2,2,1,12,0.5626765427322956,0.07333125231977124,0.003732449367789928,13,0.3898224652323672,0.08316249492535788,0.004314494917922333,2,2.07316575614675,0.05555914806030616,0.0
4,1,2,2,2,3,0.5404680695461731,0.07453577395590741,0.010770331877227238,4,0.4387753783753546,0.16444591558500754,0.007184441384937797,2,1.1956475311957642,0.5277704552285817,0.13152560409431285
4,1,2,2,3,9,0.6204349302922618,0.041915865358797245,0.010778609074111633,9,0.464154153961698,0.09972123165238422,0.009135253056964054,2,1.9398179394352892,0.17752760285896207,0.0
4,2,0,0,2,4,0.5471578282431144,0.08032882162630448,0.0,6,0.44295244353470276,0.1368940972580869,0.0,2,1.1736241399964435,0.03391629781369628,0.0
4,2,0,0,3,28,0.5876466429074663,0.08598923978997124,0.001837570250514467,35,0.4496352685532374,0.14252223506539152,0.0047123620719642205,12,1.6047454947334538,0.3606422805936038,0.07116377606725849
4,2,0,1,2,1,0.5310836333658339,,0.0,2,0.5894364031326198,0.1354777040573548,0.0,1,2.1182117089157555,,0.0
4,2,0,1,3,2,0.5122973306258667,0.04747443265296539,0.0,3,0.46303915439506027,0.1792328209063419,0.0,2,1.8635474664940381,0.11075307715316657,0.0
4,2,0,2,1,1,0.4187556558074437,,0.0,1,0.4549696911582138,,0.0,1,1.488983460716786,,0.0
4,2,0,2,3,2,0.4667810035089931,0.0630445957207649,0.0,2,0.36536015157544016,0.0520180795860511,0.0,1,1.411882159026768,,0.0
4,2,1,0,3,20,0.6080754247831277,0.07124094595696766,0.006636539142095536,34,0.4003951695709148,0.12118561876899071,0.004445497687505719,4,1.855685569760568,0.17561919387607416,0.0
4,2,1,1,0,4,0.6110342684536013,0.09293686887699319,0.0,2,0.3196052963141872,0.10565527170607578,0.0,1,1.3621934884228422,,0.0
4,2,1,1,1,2,0.5876057994321603,0.012608361949368067,0.0,2,0.5650809196645388,0.0007764057518592443,0.0,2,2.0363804604433904,0.19836959859875897,0.0
4,2,1,1,3,2,0.5519593105758618,0.03703068648561677,0.0,2,0.5400072203576174,0.014994565132310646,0.0,1,2.1596909691402293,,0.0
4,2,1,2,1,14,0.539382989687345,0.05368414147685979,0.0011505356089526661,14,0.4154646923656817,0.08857904617512241,0.0016036476636411754,4,1.835770227571496,0.10557193533696325,0.0
4,2,2,0,1,29,0.6040046050593124,0.07925658782124732,0.002511611509040724,29,0.5009131571839059,0.12329594973449336,0.0019157900440544056,6,1.7106009445630193,0.31372769767214015,0.0
4,2,2,0,2,68,0.5704069369257285,0.0733183264496391,0.003740172704872488,67,0.35995115205701905,0.10554061292669933,0.0027845095598821048,11,1.8044379025635011,0.29997788103730255,0.0804944068306619
4,2,2,0,3,103,0.5705745436108021,0.07256563355227243,0.002984789242774088,98,0.3763838919083283,0.11055391434853395,0.001609860651346781,8,1.686052921094131,0.35405887758743493,0.06843616902803935
4,2,2,1,1,19,0.5866238425586512,0.05901563510426659,0.003931334760829688,18,0.47490256709549683,0.13256394338050229,0.001566925055790511,2,1.8420673064159265,0.3194103213176291,0.0
4,2,2,1,2,15,0.5638780188109145,0.06618211567997044,0.006324494930789294,14,0.32280225885002267,0.07041655019893402,0.004375757243781496,2,1.871438734394921,0.006675959087018374,0.0
4,2,2,1,3,13,0.5814505661491185,0.07854878656259233,0.00562121870912819,14,0.33416912392752385,0.11485346675184852,0.005828327619890361,1,1.7793663660153065,,0.41264348914640037
4,2,2,2,1,12,0.5768414751978815,0.07255231432870418,0.0016899974951485404,15,0.42760070307139614,0.11095940611561626,0.003874527171874874,1,2.009435282508216,,0.0
5,0,1,1,0,1,0.5784580778468004,,0.0,1,0.5749854294091489,,0.0,1,1.611177271017234,,0.0
5,0,1,2,1,1,0.5826604148038003,,0.07296478542009632,1,0.4435836272245005,,0.08154290306425471,1,1.732296646631476,,0.44548712763295106
5,0,2,0,1,50,0.6122893640174564,0.051083309733478945,0.003639782699866873,90,0.46861599830320066,0.15090570391081512,0.0029073168977185667,8,1.9527921385933578,0.1701673039673519,0.048967547948349226
5,0,2,1,0,3,0.6393176018866403,0.08002620079155869,0.02333518835169754,5,0.5266237350848544,0.11617965450936564,0.014195423506333862,1,2.1387360101618555,,0.0
5,1,2,0,0,37,0.6164880325508292,0.0445214765812158,0.0031227590566188126,51,0.38154263068091926,0.09349825250118103,0.0034737092739707412,1,2.054733362837275,,0.17615291716359005
5,1,2,0,1,62,0.5925079894905859,0.05663112390689636,0.003061058288776976,78,0.4136657574147141,0.10621961973499618,0.002237035766813337,4,1.7984337958994256,0.1668487278251132,0.0
5,1,2,1,0,6,0.598021586885844,0.07813937107363118,0.013130838298888996,8,0.5165837866030609,0.11288439567477486,0.006218883334853587,1,1.913349991453141,,0.30228166012574387
5,1,2,1,1,17,0.58917587248795,0.07576435534270404,0.005395252614709571,16,0.47799126003446357,0.10386271823754406,0.003053593399133071,2,1.634333673127412,0.02115829434515468,0.12094532967434435
5,2,2,0,0,49,0.596523141502545,0.05264846997255301,0.0023344723767242848,55,0.47250952154767895,0.1169186834835236,0.0015417295978185322,12,1.9177732809865926,0.1865385352206243,0.022005348751641517
5,2,2,0,1,45,0.5967882638816877,0.050829748752145666,0.0021647951246372113,54,0.46070239914408984,0.10050968030758992,0.0013264423828213084,5,1.8425599116715605,0.38842719357125544,0.10538082090984664
5,2,2,0,3,3,0.5511411380083795,0.049226468183013905,0.0034629507244109217,3,0.45015678356702465,0.03791911029693693,0.011137368342156099,1,2.14872489250306,,0.0
5,2,2,1,0,14,0.5982193371672667,0.06173654233727774,0.006974069332968712,13,0.4928424503963372,0.11672920524098997,0.0023097283413190247,1,2.083557955053976,,0.0
5,2,2,1,1,15,0.598881500384392,0.05641617190260151,0.0031017017879589022,17,0.4739335558120255,0.0997206938664786,0.0022215909496660423,2,2.0584017211650947,0.08925784374019398,0.0
6,0,2,0,1,61,0.6176613141377509,0.05642175164129435,0.0028529438550081716,134,0.4984211418378492,0.1633575511851061,0.002240615273146582,7,1.8428286529941957,0.21650267365950177,0.0
6,1,2,0,1,3,0.6556904296808108,0.04197674784000148,0.010459321920444556,5,0.5216834576399758,0.11147632685898447,0.017866921879744303,1,2.0711574945160343,,0.0
6,1,2,0,2,62,0.6129476784610868,0.0640800870333756,0.004102085715015727,64,0.4599140924548981,0.1304750990724546,0.003114945335347039,5,1.8361297449800613,0.3494521326199274,0.13689475769618814
6,1,2,0,3,62,0.59030307136339,0.07793152263553427,0.003527494003652512,68,0.4205836536075787,0.14863038730898517,0.003033819654122904,8,1.891421646349955,0.32674066058198925,0.09251413093539944
6,1,2,1,2,2,0.5948019426759035,0.043990464068781855,0.0,2,0.5456522615106891,0.10714074764244472,0.0,1,1.2836383373849436,,0.44456539256237027
6,1,2,1,3,13,0.6130347165415985,0.08209790429266356,0.008066476741200066,12,0.42196787180085105,0.12105869134837585,0.007990194646168954,2,1.6438357265050585,0.6908629128628121,0.0
6,1,2,2,2,7,0.6062494579371427,0.0809156089323372,0.0251911399680095,6,0.3717366881966567,0.03486132126544618,0.01729831283043962,1,2.076762344613324,,0.8013291318689304
6,2,2,0,2,16,0.5725962760684974,0.07146662483844161,0.010383207891975095,21,0.3890364954344744,0.11562930160691395,0.00583322077573301,1,1.749507975080321,,0.3402463135564411
6,2,2,0,3,47,0.5990682053952171,0.06299243535018659,0.0051590387841878825,50,0.36986476430429227,0.1134060407686605,0.0032587280355631833,5,1.9909937557905812,0.11944556998452072,0.09751696727711466
6,2,2,1,3,6,0.6383033160956982,0.05808240341558103,0.0,7,0.3900631971711285,0.09801462937251855,0.0,1,2.0370830872546346,,0.0
6,2,2,2,3,3,0.609973695625286,0.05916197481184484,0.0,3,0.47805079895166064,0.01195830948988461,0.0,1,2.1865222572516907,,0.0
7,0,2,0,0,25,0.6036358177433404,0.06466068906091062,0.0036778309770997136,59,0.5116853795817954,0.1616314029354761,0.003362217614989694,2,2.070250609793419,0.11906896160591925,0.0
7,0,2,0,1,24,0.6450998648437661,0.04875091789662394,0.004935205864198299,67,0.49472215671423636,0.1559624140072246,0.0033720972057467748,2,1.8722440319846876,0.18177140904745656,0.16155891891907403
7,0,2,2,1,1,0.4879612417534244,,0.0,1,0.5864597337692683,,0.0,1,1.828260854879032,,0.0
7,1,2,0,1,4,0.6160495948126365,0.05226279666310477,0.015827659072226687,16,0.4377484631767443,0.16089686119255536,0.009431366485418794,1,1.913551553883076,,0.0
7,2,2,0,1,13,0.6093653831333145,0.04579844282443901,0.00281743486855524,22,0.5211436347457847,0.11984252703376747,0.003003761711169672,1,2.0686052695225503,,0.2349628958668908
7,2,2,0,2,5,0.5917597924199488,0.08593070951146439,0.010241071662125106,13,0.4968309584105889,0.05809344892236137,0.0035863242682783814,3,1.9571901776243141,0.1118822438640941,0.12112850289253714
7,2,2,0,3,10,0.5934453716493253,0.08900403885866781,0.005049960180108005,18,0.46917163810683493,0.08100093826327322,0.002552184835006285,3,1.5737739564452558,0.42261303238632614,0.0
